date,pred,low,open,high,close
2016-01-26,0.0,0.0,0.0,0.0,0.0
2016-01-27,11.590394020080566,0.0,0.0,0.0,0.0
2016-01-28,11.488492012023926,0.0,0.0,0.0,0.0
2016-01-29,10.889771461486816,0.0,0.0,0.0,0.0
2016-02-01,11.523579597473145,0.0,0.0,0.0,0.0
2016-02-02,12.02700138092041,0.0,0.0,0.0,0.0
2016-02-03,11.853760719299316,0.0,0.0,0.0,0.0
2016-02-04,11.993512153625488,0.0,0.0,0.0,0.0
2016-02-05,12.159504890441895,0.0,0.0,0.0,0.0
2016-02-08,11.699707984924316,0.0,0.0,0.0,0.0
2016-02-09,10.880780220031738,0.0,0.0,0.0,0.0
2016-02-10,11.203801155090332,0.0,0.0,0.0,0.0
2016-02-11,11.3529634475708,0.0,0.0,0.0,0.0
2016-02-12,11.24571704864502,0.0,0.0,0.0,0.0
2016-02-16,11.454449653625488,0.0,0.0,0.0,0.0
2016-02-17,12.119553565979004,0.0,0.0,0.0,0.0
2016-02-18,13.080609321594238,0.0,0.0,0.0,0.0
2016-02-19,12.873597145080566,0.0,0.0,0.0,0.0
2016-02-22,13.40129566192627,0.0,0.0,0.0,0.0
2016-02-23,13.17382526397705,0.0,0.0,0.0,0.0
2016-02-24,13.327855110168457,0.0,0.0,0.0,0.0
2016-02-25,13.457215309143066,0.0,0.0,0.0,0.0
2016-02-26,13.840107917785645,0.0,0.0,0.0,0.0
2016-02-29,13.589688301086426,0.0,0.0,0.0,0.0
2016-03-01,13.515885353088379,0.0,0.0,0.0,0.0
2016-03-02,13.833146095275879,0.0,0.0,0.0,0.0
2016-03-03,13.763245582580566,0.0,0.0,0.0,0.0
2016-03-04,13.621293067932129,0.0,0.0,0.0,0.0
2016-03-07,13.703774452209473,0.0,0.0,0.0,0.0
2016-03-08,13.789681434631348,0.0,0.0,0.0,0.0
2016-03-09,14.045620918273926,0.0,0.0,0.0,0.0
2016-03-10,13.706742286682129,0.0,0.0,0.0,0.0
2016-03-11,13.911999702453613,0.0,0.0,0.0,0.0
2016-03-14,13.68331241607666,0.0,0.0,0.0,0.0
2016-03-15,13.805817604064941,0.0,0.0,0.0,0.0
2016-03-16,13.815552711486816,0.0,0.0,0.0,0.0
2016-03-17,13.804146766662598,0.0,0.0,0.0,0.0
2016-03-18,13.307709693908691,0.0,0.0,0.0,0.0
2016-03-21,13.114781379699707,0.0,0.0,0.0,0.0
2016-03-22,13.207531929016113,0.0,0.0,0.0,0.0
2016-03-23,13.293374061584473,0.0,0.0,0.0,0.0
2016-03-24,13.299080848693848,0.0,0.0,0.0,0.0
2016-03-28,13.34768009185791,0.0,0.0,0.0,0.0
2016-03-29,13.412453651428223,0.0,0.0,0.0,0.0
2016-03-30,13.363484382629395,0.0,0.0,0.0,0.0
2016-03-31,13.577996253967285,0.0,0.0,0.0,0.0
2016-04-01,13.584969520568848,0.0,0.0,0.0,0.0
2016-04-04,14.146668434143066,0.0,0.0,0.0,0.0
2016-04-05,14.350525856018066,0.0,0.0,0.0,0.0
2016-04-06,14.225884437561035,0.0,0.0,0.0,0.0
2016-04-07,14.384354591369629,0.0,0.0,0.0,0.0
2016-04-08,14.280343055725098,0.0,0.0,0.0,0.0
2016-04-11,13.704293251037598,0.0,0.0,0.0,0.0
2016-04-12,13.149346351623535,0.0,0.0,0.0,0.0
2016-04-13,13.274598121643066,0.0,0.0,0.0,0.0
2016-04-14,13.301423072814941,0.0,0.0,0.0,0.0
2016-04-15,13.20678424835205,0.0,0.0,0.0,0.0
2016-04-18,13.445412635803223,0.0,0.0,0.0,0.0
2016-04-19,13.643342018127441,0.0,0.0,0.0,0.0
2016-04-20,13.415574073791504,0.0,0.0,0.0,0.0
2016-04-21,13.211182594299316,0.0,0.0,0.0,0.0
2016-04-22,12.950623512268066,0.0,0.0,0.0,0.0
2016-04-25,12.920792579650879,0.0,0.0,0.0,0.0
2016-04-26,12.784764289855957,0.0,0.0,0.0,0.0
2016-04-27,12.790390968322754,0.0,0.0,0.0,0.0
2016-04-28,12.177750587463379,0.0,0.0,0.0,0.0
2016-04-29,11.831635475158691,0.0,0.0,0.0,0.0
2016-05-02,11.607773780822754,0.0,0.0,0.0,0.0
2016-05-03,11.867020606994629,0.0,0.0,0.0,0.0
2016-05-04,12.348214149475098,0.0,0.0,0.0,0.0
2016-05-05,11.768258094787598,0.0,0.0,0.0,0.0
2016-05-06,11.612458229064941,0.0,0.0,0.0,0.0
2016-05-09,11.683465003967285,0.0,0.0,0.0,0.0
2016-05-10,11.961525917053223,0.0,0.0,0.0,0.0
2016-05-11,12.148743629455566,0.0,0.0,0.0,0.0
2016-05-12,11.72084903717041,0.0,0.0,0.0,0.0
2016-05-13,11.877907752990723,0.0,0.0,0.0,0.0
2016-05-16,11.80678653717041,0.0,0.0,0.0,0.0
2016-05-17,12.069485664367676,0.0,0.0,0.0,0.0
2016-05-18,11.595200538635254,0.0,0.0,0.0,0.0
2016-05-19,11.454659461975098,0.0,0.0,0.0,0.0
2016-05-20,11.125527381896973,0.0,0.0,0.0,0.0
2016-05-23,11.331303596496582,0.0,0.0,0.0,0.0
2016-05-24,11.34843921661377,0.0,0.0,0.0,0.0
2016-05-25,11.482132911682129,0.0,0.0,0.0,0.0
2016-05-26,11.91307544708252,0.0,0.0,0.0,0.0
2016-05-27,11.992104530334473,0.0,0.0,0.0,0.0
2016-05-31,11.995987892150879,0.0,0.0,0.0,0.0
2016-06-01,11.847336769104004,0.0,0.0,0.0,0.0
2016-06-02,11.877984046936035,0.0,0.0,0.0,0.0
2016-06-03,12.094548225402832,0.0,0.0,0.0,0.0
2016-06-06,12.042763710021973,0.0,0.0,0.0,0.0
2016-06-07,12.108490943908691,0.0,0.0,0.0,0.0
2016-06-08,11.426590919494629,0.0,0.0,0.0,0.0
2016-06-09,11.359528541564941,0.0,0.0,0.0,0.0
2016-06-10,11.061860084533691,0.0,0.0,0.0,0.0
2016-06-13,11.019692420959473,0.0,0.0,0.0,0.0
2016-06-14,10.910370826721191,0.0,0.0,0.0,0.0
2016-06-15,10.88350772857666,0.0,0.0,0.0,0.0
2016-06-16,10.845429420471191,0.0,0.0,0.0,0.0
2016-06-17,11.007279396057129,0.0,0.0,0.0,0.0
2016-06-20,10.75420093536377,0.0,0.0,0.0,0.0
2016-06-21,10.717877388000488,0.0,0.0,0.0,0.0
2016-06-22,10.560734748840332,0.0,0.0,0.0,0.0
2016-06-23,10.876412391662598,0.0,0.0,0.0,0.0
2016-06-24,11.189530372619629,0.0,0.0,0.0,0.0
2016-06-27,10.338944435119629,0.0,0.0,0.0,0.0
2016-06-28,10.099030494689941,0.0,0.0,0.0,0.0
2016-06-29,10.593789100646973,0.0,0.0,0.0,0.0
2016-06-30,10.80446720123291,0.0,0.0,0.0,0.0
2016-07-01,10.69140338897705,0.0,0.0,0.0,0.0
2016-07-05,10.867585182189941,0.0,0.0,0.0,0.0
2016-07-06,11.046868324279785,0.0,0.0,0.0,0.0
2016-07-07,11.339646339416504,0.0,0.0,0.0,0.0
2016-07-08,11.33159351348877,0.0,0.0,0.0,0.0
2016-07-11,11.669632911682129,0.0,0.0,0.0,0.0
2016-07-12,11.776947975158691,0.0,0.0,0.0,0.0
2016-07-13,11.640233039855957,0.0,0.0,0.0,0.0
2016-07-14,11.654458045959473,0.0,0.0,0.0,0.0
2016-07-15,11.684372901916504,0.0,0.0,0.0,0.0
2016-07-18,11.770455360412598,0.0,0.0,0.0,0.0
2016-07-19,11.864659309387207,0.0,0.0,0.0,0.0
2016-07-20,11.782364845275879,0.0,0.0,0.0,0.0
2016-07-21,11.907288551330566,0.0,0.0,0.0,0.0
2016-07-22,11.897820472717285,0.0,0.0,0.0,0.0
2016-07-25,12.122712135314941,0.0,0.0,0.0,0.0
2016-07-26,12.353714942932129,0.0,0.0,0.0,0.0
2016-07-27,12.518662452697754,0.0,0.0,0.0,0.0
2016-07-28,12.42440128326416,0.0,0.0,0.0,0.0
2016-07-29,12.288819313049316,0.0,0.0,0.0,0.0
2016-08-01,12.38664722442627,0.0,0.0,0.0,0.0
2016-08-02,12.692227363586426,0.0,0.0,0.0,0.0
2016-08-03,13.002503395080566,0.0,0.0,0.0,0.0
2016-08-04,13.128533363342285,0.0,0.0,0.0,0.0
2016-08-05,13.094624519348145,0.0,0.0,0.0,0.0
2016-08-08,13.241192817687988,0.0,0.0,0.0,0.0
2016-08-09,13.096829414367676,0.0,0.0,0.0,0.0
2016-08-10,12.974934577941895,0.0,0.0,0.0,0.0
2016-08-11,12.88314151763916,0.0,0.0,0.0,0.0
2016-08-12,12.98519229888916,0.0,0.0,0.0,0.0
2016-08-15,12.981328010559082,0.0,0.0,0.0,0.0
2016-08-16,12.98351001739502,0.0,0.0,0.0,0.0
2016-08-17,12.71328067779541,0.0,0.0,0.0,0.0
2016-08-18,12.431031227111816,0.0,0.0,0.0,0.0
2016-08-19,12.378220558166504,0.0,0.0,0.0,0.0
2016-08-22,12.400654792785645,0.0,0.0,0.0,0.0
2016-08-23,12.579438209533691,0.0,0.0,0.0,0.0
2016-08-24,12.569130897521973,0.0,0.0,0.0,0.0
2016-08-25,12.210457801818848,0.0,0.0,0.0,0.0
2016-08-26,12.088391304016113,0.0,0.0,0.0,0.0
2016-08-29,11.973198890686035,0.0,0.0,0.0,0.0
2016-08-30,11.960206031799316,0.0,0.0,0.0,0.0
2016-08-31,11.945206642150879,0.0,0.0,0.0,0.0
2016-09-01,11.79580020904541,0.0,0.0,0.0,0.0
2016-09-02,11.72603702545166,0.0,0.0,0.0,0.0
2016-09-06,11.664196968078613,0.0,0.0,0.0,0.0
2016-09-07,11.473523139953613,0.0,0.0,0.0,0.0
2016-09-08,11.584359169006348,0.0,0.0,0.0,0.0
2016-09-09,11.59038257598877,0.0,0.0,0.0,0.0
2016-09-12,11.175004005432129,0.0,0.0,0.0,0.0
2016-09-13,11.506035804748535,0.0,0.0,0.0,0.0
2016-09-14,11.361512184143066,0.0,0.0,0.0,0.0
2016-09-15,11.47072696685791,0.0,0.0,0.0,0.0
2016-09-16,11.731385231018066,0.0,0.0,0.0,0.0
2016-09-19,11.737221717834473,0.0,0.0,0.0,0.0
2016-09-20,11.78975772857666,0.0,0.0,0.0,0.0
2016-09-21,11.680909156799316,0.0,0.0,0.0,0.0
2016-09-22,11.737679481506348,0.0,0.0,0.0,0.0
2016-09-23,11.762398719787598,0.0,0.0,0.0,0.0
2016-09-26,11.704155921936035,0.0,0.0,0.0,0.0
2016-09-27,11.764412879943848,0.0,0.0,0.0,0.0
2016-09-28,12.182305335998535,0.0,0.0,0.0,0.0
2016-09-29,11.913041114807129,0.0,0.0,0.0,0.0
2016-09-30,11.77718448638916,0.0,0.0,0.0,0.0
2016-10-03,11.659897804260254,0.0,0.0,0.0,0.0
2016-10-04,11.60036563873291,0.0,0.0,0.0,0.0
2016-10-05,11.498265266418457,0.0,0.0,0.0,0.0
2016-10-06,11.422623634338379,0.0,0.0,0.0,0.0
2016-10-07,11.483811378479004,0.0,0.0,0.0,0.0
2016-10-10,11.22383975982666,0.0,0.0,0.0,0.0
2016-10-11,11.293000221252441,0.0,0.0,0.0,0.0
2016-10-12,11.346539497375488,0.0,0.0,0.0,0.0
2016-10-13,11.310051918029785,0.0,0.0,0.0,0.0
2016-10-14,11.39363956451416,0.0,0.0,0.0,0.0
2016-10-17,11.309979438781738,0.0,0.0,0.0,0.0
2016-10-18,11.191292762756348,0.0,0.0,0.0,0.0
2016-10-19,11.278077125549316,0.0,0.0,0.0,0.0
2016-10-20,11.083107948303223,0.0,0.0,0.0,0.0
2016-10-21,11.54372501373291,0.0,0.0,0.0,0.0
2016-10-24,11.5696382522583,0.0,0.0,0.0,0.0
2016-10-25,11.550171852111816,0.0,0.0,0.0,0.0
2016-10-26,11.011544227600098,0.0,0.0,0.0,0.0
2016-10-27,10.462372779846191,0.0,0.0,0.0,0.0
2016-10-28,10.044068336486816,0.0,0.0,0.0,0.0
2016-10-31,10.366101264953613,0.0,0.0,0.0,0.0
2016-11-01,9.932785987854004,0.0,0.0,0.0,0.0
2016-11-02,9.677048683166504,0.0,0.0,0.0,0.0
2016-11-03,9.70278263092041,0.0,0.0,0.0,0.0
2016-11-04,9.735550880432129,0.0,0.0,0.0,0.0
2016-11-07,9.579865455627441,0.0,0.0,0.0,0.0
2016-11-08,10.063462257385254,0.0,0.0,0.0,0.0
2016-11-09,10.527020454406738,0.0,0.0,0.0,0.0
2016-11-10,11.178139686584473,0.0,0.0,0.0,0.0
2016-11-11,11.597992897033691,0.0,0.0,0.0,0.0
2016-11-14,11.537774085998535,0.0,0.0,0.0,0.0
2016-11-15,11.829575538635254,0.0,0.0,0.0,0.0
2016-11-16,11.57405948638916,0.0,0.0,0.0,0.0
2016-11-17,11.641922950744629,0.0,0.0,0.0,0.0
2016-11-18,11.786477088928223,0.0,0.0,0.0,0.0
2016-11-21,11.605263710021973,0.0,0.0,0.0,0.0
2016-11-22,11.771248817443848,0.0,0.0,0.0,0.0
2016-11-23,11.948197364807129,0.0,0.0,0.0,0.0
2016-11-25,11.983094215393066,0.0,0.0,0.0,0.0
2016-11-28,12.036057472229004,0.0,0.0,0.0,0.0
2016-11-29,11.890976905822754,0.0,0.0,0.0,0.0
2016-11-30,11.827080726623535,0.0,0.0,0.0,0.0
2016-12-01,11.312569618225098,0.0,0.0,0.0,0.0
2016-12-02,11.119656562805176,0.0,0.0,0.0,0.0
2016-12-05,11.305817604064941,0.0,0.0,0.0,0.0
2016-12-06,11.05894947052002,0.0,0.0,0.0,0.0
2016-12-07,10.903519630432129,0.0,0.0,0.0,0.0
2016-12-08,11.36171817779541,0.0,0.0,0.0,0.0
2016-12-09,11.534348487854004,0.0,0.0,0.0,0.0
2016-12-12,11.470841407775879,0.0,0.0,0.0,0.0
2016-12-13,11.767273902893066,0.0,0.0,0.0,0.0
2016-12-14,11.482377052307129,0.0,0.0,0.0,0.0
2016-12-15,11.17406940460205,0.0,0.0,0.0,0.0
2016-12-16,11.12730884552002,0.0,0.0,0.0,0.0
2016-12-19,11.201458930969238,0.0,0.0,0.0,0.0
2016-12-20,11.366463661193848,0.0,0.0,0.0,0.0
2016-12-21,11.457108497619629,0.0,0.0,0.0,0.0
2016-12-22,11.427468299865723,0.0,0.0,0.0,0.0
2016-12-23,11.406022071838379,0.0,0.0,0.0,0.0
2016-12-27,11.483773231506348,0.0,0.0,0.0,0.0
2016-12-28,11.581414222717285,0.0,0.0,0.0,0.0
2016-12-29,11.386422157287598,0.0,0.0,0.0,0.0
2016-12-30,11.355988502502441,0.0,0.0,0.0,0.0
2017-01-03,11.144944190979004,0.0,0.0,0.0,0.0
2017-01-04,11.256196022033691,0.0,0.0,0.0,0.0
2017-01-05,11.343544960021973,0.0,0.0,0.0,0.0
2017-01-06,11.300660133361816,0.0,0.0,0.0,0.0
2017-01-09,10.887368202209473,0.0,0.0,0.0,0.0
2017-01-10,11.049935340881348,0.0,0.0,0.0,0.0
2017-01-11,11.533555030822754,0.0,0.0,0.0,0.0
2017-01-12,11.26393985748291,0.0,0.0,0.0,0.0
2017-01-13,11.140252113342285,0.0,0.0,0.0,0.0
2017-01-17,11.223343849182129,0.0,0.0,0.0,0.0
2017-01-18,11.229329109191895,0.0,0.0,0.0,0.0
2017-01-19,11.20763111114502,0.0,0.0,0.0,0.0
2017-01-20,11.218934059143066,0.0,0.0,0.0,0.0
2017-01-23,11.516610145568848,0.0,0.0,0.0,0.0
2017-01-24,11.142682075500488,0.0,0.0,0.0,0.0
2017-01-25,11.429062843322754,0.0,0.0,0.0,0.0
2017-01-26,11.945504188537598,0.0,0.0,0.0,0.0
2017-01-27,12.181855201721191,0.0,0.0,0.0,0.0
2017-01-30,12.242913246154785,0.0,0.0,0.0,0.0
2017-01-31,12.38500690460205,0.0,0.0,0.0,0.0
2017-02-01,12.492402076721191,0.0,0.0,0.0,0.0
2017-02-02,12.676819801330566,0.0,0.0,0.0,0.0
2017-02-03,12.592484474182129,0.0,0.0,0.0,0.0
2017-02-06,12.12691593170166,0.0,0.0,0.0,0.0
2017-02-07,11.975586891174316,0.0,0.0,0.0,0.0
2017-02-08,12.023690223693848,0.0,0.0,0.0,0.0
2017-02-09,12.17393970489502,0.0,0.0,0.0,0.0
2017-02-10,12.25722599029541,0.0,0.0,0.0,0.0
2017-02-13,12.266999244689941,0.0,0.0,0.0,0.0
2017-02-14,12.54985523223877,0.0,0.0,0.0,0.0
2017-02-15,12.272263526916504,0.0,0.0,0.0,0.0
2017-02-16,12.589211463928223,0.0,0.0,0.0,0.0
2017-02-17,12.560284614562988,0.0,0.0,0.0,0.0
2017-02-21,12.591233253479004,0.0,0.0,0.0,0.0
2017-02-22,12.554436683654785,0.0,0.0,0.0,0.0
2017-02-23,12.539483070373535,0.0,0.0,0.0,0.0
2017-02-24,12.115250587463379,0.0,0.0,0.0,0.0
2017-02-27,12.349019050598145,0.0,0.0,0.0,0.0
2017-02-28,12.646149635314941,0.0,0.0,0.0,0.0
2017-03-01,12.467881202697754,0.0,0.0,0.0,0.0
2017-03-02,12.798089027404785,0.0,0.0,0.0,0.0
2017-03-03,12.668595314025879,0.0,0.0,0.0,0.0
2017-03-06,12.599335670471191,0.0,0.0,0.0,0.0
2017-03-07,12.485718727111816,0.0,0.0,0.0,0.0
2017-03-08,12.159314155578613,0.0,0.0,0.0,0.0
2017-03-09,12.184792518615723,0.0,0.0,0.0,0.0
2017-03-10,12.324173927307129,0.0,0.0,0.0,0.0
2017-03-13,12.588543891906738,0.0,0.0,0.0,0.0
2017-03-14,12.591370582580566,0.0,0.0,0.0,0.0
2017-03-15,12.532319068908691,0.0,0.0,0.0,0.0
2017-03-16,12.464722633361816,0.0,0.0,0.0,0.0
2017-03-17,12.315754890441895,0.0,0.0,0.0,0.0
2017-03-20,12.332497596740723,0.0,0.0,0.0,0.0
2017-03-21,12.29384708404541,0.0,0.0,0.0,0.0
2017-03-22,12.263421058654785,0.0,0.0,0.0,0.0
2017-03-23,12.476960182189941,0.0,0.0,0.0,0.0
2017-03-24,12.54256534576416,0.0,0.0,0.0,0.0
2017-03-27,12.659462928771973,0.0,0.0,0.0,0.0
2017-03-28,12.647324562072754,0.0,0.0,0.0,0.0
2017-03-29,12.756455421447754,0.0,0.0,0.0,0.0
2017-03-30,12.986607551574707,0.0,0.0,0.0,0.0
2017-03-31,13.023102760314941,0.0,0.0,0.0,0.0
2017-04-03,13.104584693908691,0.0,0.0,0.0,0.0
2017-04-04,12.982583045959473,0.0,0.0,0.0,0.0
2017-04-05,12.688912391662598,0.0,0.0,0.0,0.0
2017-04-06,12.56921100616455,0.0,0.0,0.0,0.0
2017-04-07,12.599373817443848,0.0,0.0,0.0,0.0
2017-04-10,12.643715858459473,0.0,0.0,0.0,0.0
2017-04-11,12.696305274963379,0.0,0.0,0.0,0.0
2017-04-12,12.701668739318848,0.0,0.0,0.0,0.0
2017-04-13,12.582158088684082,0.0,0.0,0.0,0.0
2017-04-17,12.54143238067627,0.0,0.0,0.0,0.0
2017-04-18,12.604874610900879,0.0,0.0,0.0,0.0
2017-04-19,12.473038673400879,0.0,0.0,0.0,0.0
2017-04-20,12.562195777893066,0.0,0.0,0.0,0.0
2017-04-21,13.150422096252441,0.0,0.0,0.0,0.0
2017-04-24,13.227387428283691,0.0,0.0,0.0,0.0
2017-04-25,13.399231910705566,0.0,0.0,0.0,0.0
2017-04-26,13.475991249084473,0.0,0.0,0.0,0.0
2017-04-27,13.672234535217285,0.0,0.0,0.0,0.0
2017-04-28,13.262223243713379,0.0,0.0,0.0,0.0
2017-05-01,13.21187686920166,0.0,0.0,0.0,0.0
2017-05-02,13.280190467834473,0.0,0.0,0.0,0.0
2017-05-03,13.643921852111816,0.0,0.0,0.0,0.0
2017-05-04,13.39858341217041,0.0,0.0,0.0,0.0
2017-05-05,13.631741523742676,0.0,0.0,0.0,0.0
2017-05-08,13.444214820861816,0.0,0.0,0.0,0.0
2017-05-09,13.120804786682129,0.0,0.0,0.0,0.0
2017-05-10,13.371903419494629,0.0,0.0,0.0,0.0
2017-05-11,12.999917030334473,0.0,0.0,0.0,0.0
2017-05-12,12.92589282989502,0.0,0.0,0.0,0.0
2017-05-15,12.767888069152832,0.0,0.0,0.0,0.0
2017-05-16,12.848580360412598,0.0,0.0,0.0,0.0
2017-05-17,12.558640480041504,0.0,0.0,0.0,0.0
2017-05-18,12.253304481506348,0.0,0.0,0.0,0.0
2017-05-19,12.536343574523926,0.0,0.0,0.0,0.0
2017-05-22,12.678406715393066,0.0,0.0,0.0,0.0
2017-05-23,12.887787818908691,0.0,0.0,0.0,0.0
2017-05-24,12.295182228088379,0.0,0.0,0.0,0.0
2017-05-25,12.544529914855957,0.0,0.0,0.0,0.0
2017-05-26,12.721787452697754,0.0,0.0,0.0,0.0
2017-05-30,12.592148780822754,0.0,0.0,0.0,0.0
2017-05-31,12.540074348449707,0.0,0.0,0.0,0.0
2017-06-01,12.583645820617676,0.0,0.0,0.0,0.0
2017-06-02,12.83202838897705,0.0,0.0,0.0,0.0
2017-06-05,12.961991310119629,0.0,0.0,0.0,0.0
2017-06-06,12.940316200256348,0.0,0.0,0.0,0.0
2017-06-07,12.852017402648926,0.0,0.0,0.0,0.0
2017-06-08,13.214081764221191,0.0,0.0,0.0,0.0
2017-06-09,13.31307315826416,0.0,0.0,0.0,0.0
2017-06-12,13.236405372619629,0.0,0.0,0.0,0.0
2017-06-13,13.23818302154541,0.0,0.0,0.0,0.0
2017-06-14,13.487339973449707,0.0,0.0,0.0,0.0
2017-06-15,13.447358131408691,0.0,0.0,0.0,0.0
2017-06-16,13.407143592834473,0.0,0.0,0.0,0.0
2017-06-19,13.021424293518066,0.0,0.0,0.0,0.0
2017-06-20,13.546700477600098,0.0,0.0,0.0,0.0
2017-06-21,13.566975593566895,0.0,0.0,0.0,0.0
2017-06-22,13.744050025939941,0.0,0.0,0.0,0.0
2017-06-23,13.842293739318848,0.0,0.0,0.0,0.0
2017-06-26,13.722298622131348,0.0,0.0,0.0,0.0
2017-06-27,13.837281227111816,0.0,0.0,0.0,0.0
2017-06-28,13.430150032043457,0.0,0.0,0.0,0.0
2017-06-29,13.606057167053223,0.0,0.0,0.0,0.0
2017-06-30,12.993805885314941,0.0,0.0,0.0,0.0
2017-07-03,13.179303169250488,0.0,0.0,0.0,0.0
2017-07-05,12.921181678771973,0.0,0.0,0.0,0.0
2017-07-06,13.300034523010254,0.0,0.0,0.0,0.0
2017-07-07,13.185708045959473,0.0,0.0,0.0,0.0
2017-07-10,13.67372989654541,0.0,0.0,0.0,0.0
2017-07-11,13.925599098205566,0.0,0.0,0.0,0.0
2017-07-12,13.8871431350708,0.0,0.0,0.0,0.0
2017-07-13,13.87859058380127,0.0,0.0,0.0,0.0
2017-07-14,13.786576271057129,0.0,0.0,0.0,0.0
2017-07-17,13.822678565979004,0.0,0.0,0.0,0.0
2017-07-18,13.701924324035645,0.0,0.0,0.0,0.0
2017-07-19,13.345810890197754,0.0,0.0,0.0,0.0
2017-07-20,13.435711860656738,0.0,0.0,0.0,0.0
2017-07-21,13.542908668518066,0.0,0.0,0.0,0.0
2017-07-24,13.945542335510254,0.0,0.0,0.0,0.0
2017-07-25,13.90758991241455,0.0,0.0,0.0,0.0
2017-07-26,13.968789100646973,0.0,0.0,0.0,0.0
2017-07-27,13.738137245178223,0.0,0.0,0.0,0.0
2017-07-28,13.262742042541504,0.0,0.0,0.0,0.0
2017-07-31,13.424714088439941,0.0,0.0,0.0,0.0
2017-08-01,12.921486854553223,0.0,0.0,0.0,0.0
2017-08-02,12.742798805236816,0.0,0.0,0.0,0.0
2017-08-03,12.974129676818848,0.0,0.0,0.0,0.0
2017-08-04,12.827488899230957,0.0,0.0,0.0,0.0
2017-08-07,13.196396827697754,0.0,0.0,0.0,0.0
2017-08-08,13.33992862701416,0.0,0.0,0.0,0.0
2017-08-09,13.079026222229004,0.0,0.0,0.0,0.0
2017-08-10,13.28496265411377,0.0,0.0,0.0,0.0
2017-08-11,12.911858558654785,0.0,0.0,0.0,0.0
2017-08-14,13.269818305969238,0.0,0.0,0.0,0.0
2017-08-15,13.244446754455566,0.0,0.0,0.0,0.0
2017-08-16,13.460907936096191,0.0,0.0,0.0,0.0
2017-08-17,13.630806922912598,0.0,0.0,0.0,0.0
2017-08-18,13.35842227935791,0.0,0.0,0.0,0.0
2017-08-21,13.002415657043457,0.0,0.0,0.0,0.0
2017-08-22,13.149292945861816,0.0,0.0,0.0,0.0
2017-08-23,13.371354103088379,0.0,0.0,0.0,0.0
2017-08-24,13.233315467834473,0.0,0.0,0.0,0.0
2017-08-25,13.10732364654541,0.0,0.0,0.0,0.0
2017-08-28,13.29055118560791,0.0,0.0,0.0,0.0
2017-08-29,13.413777351379395,0.0,0.0,0.0,0.0
2017-08-30,13.44033145904541,0.0,0.0,0.0,0.0
2017-08-31,13.714337348937988,0.0,0.0,0.0,0.0
2017-09-01,14.127007484436035,0.0,0.0,0.0,0.0
2017-09-05,14.228470802307129,0.0,0.0,0.0,0.0
2017-09-06,14.12920093536377,0.0,0.0,0.0,0.0
2017-09-07,13.918721199035645,0.0,0.0,0.0,0.0
2017-09-08,13.883103370666504,0.0,0.0,0.0,0.0
2017-09-11,13.980591773986816,0.0,0.0,0.0,0.0
2017-09-12,13.710850715637207,0.0,0.0,0.0,0.0
2017-09-13,13.75371265411377,0.0,0.0,0.0,0.0
2017-09-14,13.502266883850098,0.0,0.0,0.0,0.0
2017-09-15,13.276841163635254,0.0,0.0,0.0,0.0
2017-09-18,12.98376178741455,0.0,0.0,0.0,0.0
2017-09-19,13.030346870422363,0.0,0.0,0.0,0.0
2017-09-20,12.842350959777832,0.0,0.0,0.0,0.0
2017-09-21,12.988316535949707,0.0,0.0,0.0,0.0
2017-09-22,12.778008460998535,0.0,0.0,0.0,0.0
2017-09-25,13.07652759552002,0.0,0.0,0.0,0.0
2017-09-26,13.141274452209473,0.0,0.0,0.0,0.0
2017-09-27,13.352311134338379,0.0,0.0,0.0,0.0
2017-09-28,13.526749610900879,0.0,0.0,0.0,0.0
2017-09-29,13.633133888244629,0.0,0.0,0.0,0.0
2017-10-02,13.812813758850098,0.0,0.0,0.0,0.0
2017-10-03,13.846386909484863,0.0,0.0,0.0,0.0
2017-10-04,13.978997230529785,0.0,0.0,0.0,0.0
2017-10-05,14.285496711730957,0.0,0.0,0.0,0.0
2017-10-06,14.172745704650879,0.0,0.0,0.0,0.0
2017-10-09,14.17415714263916,0.0,0.0,0.0,0.0
2017-10-10,14.095330238342285,0.0,0.0,0.0,0.0
2017-10-11,14.040543556213379,0.0,0.0,0.0,0.0
2017-10-12,14.246514320373535,0.0,0.0,0.0,0.0
2017-10-13,14.422650337219238,0.0,0.0,0.0,0.0
2017-10-16,14.377694129943848,0.0,0.0,0.0,0.0
2017-10-17,14.347771644592285,0.0,0.0,0.0,0.0
2017-10-18,14.278008460998535,0.0,0.0,0.0,0.0
2017-10-19,14.395710945129395,0.0,0.0,0.0,0.0
2017-10-20,14.895012855529785,0.0,0.0,0.0,0.0
2017-10-23,15.168213844299316,0.0,0.0,0.0,0.0
2017-10-24,14.894135475158691,0.0,0.0,0.0,0.0
2017-10-25,14.57823657989502,0.0,0.0,0.0,0.0
2017-10-26,14.042889595031738,0.0,0.0,0.0,0.0
2017-10-27,14.186280250549316,0.0,0.0,0.0,0.0
2017-10-30,15.205864906311035,0.0,0.0,0.0,0.0
2017-10-31,15.048577308654785,0.0,0.0,0.0,0.0
2017-11-01,14.763142585754395,0.0,0.0,0.0,0.0
2017-11-02,14.487282752990723,0.0,0.0,0.0,0.0
2017-11-03,14.299473762512207,0.0,0.0,0.0,0.0
2017-11-06,14.663407325744629,0.0,0.0,0.0,0.0
2017-11-07,14.480149269104004,0.0,0.0,0.0,0.0
2017-11-08,15.524720191955566,0.0,0.0,0.0,0.0
2017-11-09,15.859543800354004,0.0,0.0,0.0,0.0
2017-11-10,15.261704444885254,0.0,0.0,0.0,0.0
2017-11-13,15.364228248596191,0.0,0.0,0.0,0.0
2017-11-14,15.419175148010254,0.0,0.0,0.0,0.0
2017-11-15,15.399720191955566,0.0,0.0,0.0,0.0
2017-11-16,15.247769355773926,0.0,0.0,0.0,0.0
2017-11-17,15.58223819732666,0.0,0.0,0.0,0.0
2017-11-20,15.407769203186035,0.0,0.0,0.0,0.0
2017-11-21,15.59691333770752,0.0,0.0,0.0,0.0
2017-11-22,16.176477432250977,0.0,0.0,0.0,0.0
2017-11-24,16.118860244750977,0.0,0.0,0.0,0.0
2017-11-27,16.25407600402832,0.0,0.0,0.0,0.0
2017-11-28,16.43033790588379,0.0,0.0,0.0,0.0
2017-11-29,16.679269790649414,0.0,0.0,0.0,0.0
2017-11-30,16.543947219848633,0.0,0.0,0.0,0.0
2017-12-01,16.71830940246582,0.0,0.0,0.0,0.0
2017-12-04,16.33292579650879,0.0,0.0,0.0,0.0
2017-12-05,15.746125221252441,0.0,0.0,0.0,0.0
2017-12-06,16.012784957885742,0.0,0.0,0.0,0.0
2017-12-07,16.437971115112305,0.0,0.0,0.0,0.0
2017-12-08,16.765188217163086,0.0,0.0,0.0,0.0
2017-12-11,16.844205856323242,0.0,0.0,0.0,0.0
2017-12-12,16.609777450561523,0.0,0.0,0.0,0.0
2017-12-13,16.644746780395508,0.0,0.0,0.0,0.0
2017-12-14,16.883371353149414,0.0,0.0,0.0,0.0
2017-12-15,16.46476173400879,0.0,0.0,0.0,0.0
2017-12-18,17.023229598999023,0.0,0.0,0.0,0.0
2017-12-19,16.997556686401367,0.0,0.0,0.0,0.0
2017-12-20,17.011491775512695,0.0,0.0,0.0,0.0
2017-12-21,17.02701759338379,0.0,0.0,0.0,0.0
2017-12-22,16.80097007751465,0.0,0.0,0.0,0.0
2017-12-26,16.80818748474121,0.0,0.0,0.0,0.0
2017-12-27,16.845346450805664,0.0,0.0,0.0,0.0
2017-12-28,17.001497268676758,0.0,0.0,0.0,0.0
2017-12-29,16.8188419342041,0.0,0.0,0.0,0.0
2018-01-02,16.4642391204834,0.0,0.0,0.0,0.0
2018-01-03,16.527353286743164,0.0,0.0,0.0,0.0
2018-01-04,16.41533088684082,0.0,0.0,0.0,0.0
2018-01-05,16.82578468322754,0.0,0.0,0.0,0.0
2018-01-08,17.12916374206543,0.0,0.0,0.0,0.0
2018-01-09,17.1558895111084,0.0,0.0,0.0,0.0
2018-01-10,17.139963150024414,0.0,0.0,0.0,0.0
2018-01-11,17.263525009155273,0.0,0.0,0.0,0.0
2018-01-12,17.47690773010254,0.0,0.0,0.0,0.0
2018-01-16,18.074201583862305,0.0,0.0,0.0,0.0
2018-01-17,18.031763076782227,0.0,0.0,0.0,0.0
2018-01-18,18.131845474243164,0.0,0.0,0.0,0.0
2018-01-19,18.1391544342041,0.0,0.0,0.0,0.0
2018-01-22,17.94853401184082,0.0,0.0,0.0,0.0
2018-01-23,18.19358253479004,0.0,0.0,0.0,0.0
2018-01-24,18.47870445251465,0.0,0.0,0.0,0.0
2018-01-25,18.32291603088379,0.0,0.0,0.0,0.0
2018-01-26,18.74138832092285,0.0,0.0,0.0,0.0
2018-01-29,18.386545181274414,0.0,0.0,0.0,0.0
2018-01-30,18.07785987854004,0.0,0.0,0.0,0.0
2018-01-31,18.15336799621582,0.0,0.0,0.0,0.0
2018-02-01,17.862695693969727,0.0,0.0,0.0,0.0
2018-02-02,17.360010147094727,0.0,0.0,0.0,0.0
2018-02-05,16.60356330871582,0.0,0.0,0.0,0.0
2018-02-06,15.685315132141113,0.0,0.0,0.0,0.0
2018-02-07,16.132112503051758,0.0,0.0,0.0,0.0
2018-02-08,15.405678749084473,0.0,0.0,0.0,0.0
2018-02-09,14.547928810119629,0.0,0.0,0.0,0.0
2018-02-12,15.174996376037598,0.0,0.0,0.0,0.0
2018-02-13,15.549248695373535,0.0,0.0,0.0,0.0
2018-02-14,15.595086097717285,0.0,0.0,0.0,0.0
2018-02-15,16.712778091430664,0.0,0.0,0.0,0.0
2018-02-16,16.57114601135254,0.0,0.0,0.0,0.0
2018-02-20,16.453256607055664,0.0,0.0,0.0,0.0
2018-02-21,16.469911575317383,0.0,0.0,0.0,0.0
2018-02-22,16.60723304748535,0.0,0.0,0.0,0.0
2018-02-23,16.4260196685791,0.0,0.0,0.0,0.0
2018-02-26,15.796544075012207,0.0,0.0,0.0,0.0
2018-02-27,15.971589088439941,0.0,0.0,0.0,0.0
2018-02-28,15.044014930725098,0.0,0.0,0.0,0.0
2018-03-01,14.283215522766113,0.0,0.0,0.0,0.0
2018-03-02,14.105927467346191,0.0,0.0,0.0,0.0
2018-03-05,14.691460609436035,0.0,0.0,0.0,0.0
2018-03-06,14.251580238342285,0.0,0.0,0.0,0.0
2018-03-07,15.115235328674316,0.0,0.0,0.0,0.0
2018-03-08,15.204743385314941,0.0,0.0,0.0,0.0
2018-03-09,15.476113319396973,0.0,0.0,0.0,0.0
2018-03-12,15.935128211975098,0.0,0.0,0.0,0.0
2018-03-13,16.5030574798584,0.0,0.0,0.0,0.0
2018-03-14,16.741350173950195,0.0,0.0,0.0,0.0
2018-03-15,16.4702205657959,0.0,0.0,0.0,0.0
2018-03-16,16.18221092224121,0.0,0.0,0.0,0.0
2018-03-19,16.269617080688477,0.0,0.0,0.0,0.0
2018-03-20,16.330678939819336,0.0,0.0,0.0,0.0
2018-03-21,16.32525062561035,0.0,0.0,0.0,0.0
2018-03-22,16.727025985717773,0.0,0.0,0.0,0.0
2018-03-23,15.859589576721191,0.0,0.0,0.0,0.0
2018-03-26,15.512612342834473,0.0,0.0,0.0,0.0
2018-03-27,16.28715705871582,0.0,0.0,0.0,0.0
2018-03-28,15.61257266998291,0.0,0.0,0.0,0.0
2018-03-29,14.818802833557129,0.0,0.0,0.0,0.0
2018-04-02,14.070996284484863,0.0,0.0,0.0,0.0
2018-04-03,13.935128211975098,0.0,0.0,0.0,0.0
2018-04-04,14.442902565002441,0.0,0.0,0.0,0.0
2018-04-05,15.636933326721191,0.0,0.0,0.0,0.0
2018-04-06,15.835442543029785,0.0,0.0,0.0,0.0
2018-04-09,15.171120643615723,0.0,0.0,0.0,0.0
2018-04-10,15.09243106842041,0.0,0.0,0.0,0.0
2018-04-11,15.945572853088379,0.0,0.0,0.0,0.0
2018-04-12,15.326786994934082,0.0,0.0,0.0,0.0
2018-04-13,14.791718482971191,0.0,0.0,0.0,0.0
2018-04-16,14.9207124710083,0.0,0.0,0.0,0.0
2018-04-17,14.756928443908691,0.0,0.0,0.0,0.0
2018-04-18,15.486424446105957,0.0,0.0,0.0,0.0
2018-04-19,15.54784870147705,0.0,0.0,0.0,0.0
2018-04-20,15.087456703186035,0.0,0.0,0.0,0.0
2018-04-23,14.779179573059082,0.0,0.0,0.0,0.0
2018-04-24,14.672226905822754,0.0,0.0,0.0,0.0
2018-04-25,14.265793800354004,0.0,0.0,0.0,0.0
2018-04-26,14.33187198638916,0.0,0.0,0.0,0.0
2018-04-27,14.989548683166504,0.0,0.0,0.0,0.0
2018-04-30,15.446343421936035,0.0,0.0,0.0,0.0
2018-05-01,14.80568790435791,0.0,0.0,0.0,0.0
2018-05-02,15.308297157287598,0.0,0.0,0.0,0.0
2018-05-03,15.174309730529785,0.0,0.0,0.0,0.0
2018-05-04,15.740838050842285,0.0,0.0,0.0,0.0
2018-05-07,16.270662307739258,0.0,0.0,0.0,0.0
2018-05-08,16.230947494506836,0.0,0.0,0.0,0.0
2018-05-09,16.37217903137207,0.0,0.0,0.0,0.0
2018-05-10,16.113954544067383,0.0,0.0,0.0,0.0
2018-05-11,16.234949111938477,0.0,0.0,0.0,0.0
2018-05-14,16.8178768157959,0.0,0.0,0.0,0.0
2018-05-15,17.08371925354004,0.0,0.0,0.0,0.0
2018-05-16,16.384756088256836,0.0,0.0,0.0,0.0
2018-05-17,16.706079483032227,0.0,0.0,0.0,0.0
2018-05-18,16.963098526000977,0.0,0.0,0.0,0.0
2018-05-21,16.78013038635254,0.0,0.0,0.0,0.0
2018-05-22,17.166696548461914,0.0,0.0,0.0,0.0
2018-05-23,16.6946964263916,0.0,0.0,0.0,0.0
2018-05-24,16.653261184692383,0.0,0.0,0.0,0.0
2018-05-25,16.816938400268555,0.0,0.0,0.0,0.0
2018-05-29,17.06321144104004,0.0,0.0,0.0,0.0
2018-05-30,17.330751419067383,0.0,0.0,0.0,0.0
2018-05-31,17.490488052368164,0.0,0.0,0.0,0.0
2018-06-01,16.8593807220459,0.0,0.0,0.0,0.0
2018-06-04,17.31159782409668,0.0,0.0,0.0,0.0
2018-06-05,17.525819778442383,0.0,0.0,0.0,0.0
2018-06-06,17.93288230895996,0.0,0.0,0.0,0.0
2018-06-07,17.892480850219727,0.0,0.0,0.0,0.0
2018-06-08,17.87192726135254,0.0,0.0,0.0,0.0
2018-06-11,18.08555030822754,0.0,0.0,0.0,0.0
2018-06-12,18.42568016052246,0.0,0.0,0.0,0.0
2018-06-13,18.40329933166504,0.0,0.0,0.0,0.0
2018-06-14,18.016263961791992,0.0,0.0,0.0,0.0
2018-06-15,17.93303108215332,0.0,0.0,0.0,0.0
2018-06-18,18.07335090637207,0.0,0.0,0.0,0.0
2018-06-19,17.818689346313477,0.0,0.0,0.0,0.0
2018-06-20,17.735979080200195,0.0,0.0,0.0,0.0
2018-06-21,17.971391677856445,0.0,0.0,0.0,0.0
2018-06-22,17.391324996948242,0.0,0.0,0.0,0.0
2018-06-25,16.7886905670166,0.0,0.0,0.0,0.0
2018-06-26,16.47758674621582,0.0,0.0,0.0,0.0
2018-06-27,16.561887741088867,0.0,0.0,0.0,0.0
2018-06-28,16.127656936645508,0.0,0.0,0.0,0.0
2018-06-29,16.097009658813477,0.0,0.0,0.0,0.0
2018-07-02,16.19819450378418,0.0,0.0,0.0,0.0
2018-07-03,16.614843368530273,0.0,0.0,0.0,0.0
2018-07-05,16.805269241333008,0.0,0.0,0.0,0.0
2018-07-06,16.990793228149414,0.0,0.0,0.0,0.0
2018-07-09,16.734098434448242,0.0,0.0,0.0,0.0
2018-07-10,17.220251083374023,0.0,0.0,0.0,0.0
2018-07-11,17.480684280395508,0.0,0.0,0.0,0.0
2018-07-12,17.08360481262207,0.0,0.0,0.0,0.0
2018-07-13,17.323198318481445,0.0,0.0,0.0,0.0
2018-07-16,17.641572952270508,0.0,0.0,0.0,0.0
2018-07-17,17.24153709411621,0.0,0.0,0.0,0.0
2018-07-18,17.943910598754883,0.0,0.0,0.0,0.0
2018-07-19,17.794443130493164,0.0,0.0,0.0,0.0
2018-07-20,18.1558780670166,0.0,0.0,0.0,0.0
2018-07-23,16.484682083129883,0.0,0.0,0.0,0.0
2018-07-24,16.46995735168457,0.0,0.0,0.0,0.0
2018-07-25,16.035566329956055,0.0,0.0,0.0,0.0
2018-07-26,16.13292121887207,0.0,0.0,0.0,0.0
2018-07-27,15.764935493469238,0.0,0.0,0.0,0.0
2018-07-30,15.861649513244629,0.0,0.0,0.0,0.0
2018-07-31,15.142952919006348,0.0,0.0,0.0,0.0
2018-08-01,14.965497016906738,0.0,0.0,0.0,0.0
2018-08-02,15.015591621398926,0.0,0.0,0.0,0.0
2018-08-03,15.904053688049316,0.0,0.0,0.0,0.0
2018-08-06,15.712868690490723,0.0,0.0,0.0,0.0
2018-08-07,15.755570411682129,0.0,0.0,0.0,0.0
2018-08-08,16.234079360961914,0.0,0.0,0.0,0.0
2018-08-09,16.32706642150879,0.0,0.0,0.0,0.0
2018-08-10,16.577131271362305,0.0,0.0,0.0,0.0
2018-08-13,16.436410903930664,0.0,0.0,0.0,0.0
2018-08-14,16.118444442749023,0.0,0.0,0.0,0.0
2018-08-15,16.4577579498291,0.0,0.0,0.0,0.0
2018-08-16,16.46269416809082,0.0,0.0,0.0,0.0
2018-08-17,16.438859939575195,0.0,0.0,0.0,0.0
2018-08-20,16.424306869506836,0.0,0.0,0.0,0.0
2018-08-21,16.412317276000977,0.0,0.0,0.0,0.0
2018-08-22,16.906885147094727,0.0,0.0,0.0,0.0
2018-08-23,16.709619522094727,0.0,0.0,0.0,0.0
2018-08-24,16.71817970275879,0.0,0.0,0.0,0.0
2018-08-27,16.628618240356445,0.0,0.0,0.0,0.0
2018-08-28,16.74723243713379,0.0,0.0,0.0,0.0
2018-08-29,16.639657974243164,0.0,0.0,0.0,0.0
2018-08-30,16.919954299926758,0.0,0.0,0.0,0.0
2018-08-31,17.066652297973633,0.0,0.0,0.0,0.0
2018-09-04,17.1152286529541,0.0,0.0,0.0,0.0
2018-09-05,17.221254348754883,0.0,0.0,0.0,0.0
2018-09-06,16.874757766723633,0.0,0.0,0.0,0.0
2018-09-07,16.862932205200195,0.0,0.0,0.0,0.0
2018-09-10,16.873628616333008,0.0,0.0,0.0,0.0
2018-09-11,16.674840927124023,0.0,0.0,0.0,0.0
2018-09-12,16.74431800842285,0.0,0.0,0.0,0.0
2018-09-13,17.012636184692383,0.0,0.0,0.0,0.0
2018-09-14,17.26378059387207,0.0,0.0,0.0,0.0
2018-09-17,17.221925735473633,0.0,0.0,0.0,0.0
2018-09-18,16.8282413482666,0.0,0.0,0.0,0.0
2018-09-19,17.160810470581055,0.0,0.0,0.0,0.0
2018-09-20,16.898195266723633,0.0,0.0,0.0,0.0
2018-09-21,17.064294815063477,0.0,0.0,0.0,0.0
2018-09-24,16.892465591430664,0.0,0.0,0.0,0.0
2018-09-25,17.295339584350586,0.0,0.0,0.0,0.0
2018-09-26,17.361886978149414,0.0,0.0,0.0,0.0
2018-09-27,17.501386642456055,0.0,0.0,0.0,0.0
2018-09-28,17.485620498657227,0.0,0.0,0.0,0.0
2018-10-01,17.20897102355957,0.0,0.0,0.0,0.0
2018-10-02,16.914644241333008,0.0,0.0,0.0,0.0
2018-10-03,16.469526290893555,0.0,0.0,0.0,0.0
2018-10-04,16.255659103393555,0.0,0.0,0.0,0.0
2018-10-05,16.384592056274414,0.0,0.0,0.0,0.0
2018-10-08,16.333219528198242,0.0,0.0,0.0,0.0
2018-10-09,16.067842483520508,0.0,0.0,0.0,0.0
2018-10-10,16.011003494262695,0.0,0.0,0.0,0.0
2018-10-11,15.494484901428223,0.0,0.0,0.0,0.0
2018-10-12,15.539978981018066,0.0,0.0,0.0,0.0
2018-10-15,16.118722915649414,0.0,0.0,0.0,0.0
2018-10-16,15.77483081817627,0.0,0.0,0.0,0.0
2018-10-17,16.008066177368164,0.0,0.0,0.0,0.0
2018-10-18,15.752091407775879,0.0,0.0,0.0,0.0
2018-10-19,15.612580299377441,0.0,0.0,0.0,0.0
2018-10-22,15.127678871154785,0.0,0.0,0.0,0.0
2018-10-23,15.299355506896973,0.0,0.0,0.0,0.0
2018-10-24,15.295552253723145,0.0,0.0,0.0,0.0
2018-10-25,14.625283241271973,0.0,0.0,0.0,0.0
2018-10-26,15.231850624084473,0.0,0.0,0.0,0.0
2018-10-29,14.433354377746582,0.0,0.0,0.0,0.0
2018-10-30,14.375481605529785,0.0,0.0,0.0,0.0
2018-10-31,14.777817726135254,0.0,0.0,0.0,0.0
2018-11-01,14.957066535949707,0.0,0.0,0.0,0.0
2018-11-02,15.589947700500488,0.0,0.0,0.0,0.0
2018-11-05,15.496781349182129,0.0,0.0,0.0,0.0
2018-11-06,15.14461612701416,0.0,0.0,0.0,0.0
2018-11-07,15.487061500549316,0.0,0.0,0.0,0.0
2018-11-08,16.726381301879883,0.0,0.0,0.0,0.0
2018-11-09,16.935495376586914,0.0,0.0,0.0,0.0
2018-11-12,16.740217208862305,0.0,0.0,0.0,0.0
2018-11-13,15.761971473693848,0.0,0.0,0.0,0.0
2018-11-14,15.488480567932129,0.0,0.0,0.0,0.0
2018-11-15,15.204804420471191,0.0,0.0,0.0,0.0
2018-11-16,15.311142921447754,0.0,0.0,0.0,0.0
2018-11-19,15.705334663391113,0.0,0.0,0.0,0.0
2018-11-20,14.873757362365723,0.0,0.0,0.0,0.0
2018-11-21,14.50679874420166,0.0,0.0,0.0,0.0
2018-11-23,14.527680397033691,0.0,0.0,0.0,0.0
2018-11-26,14.733925819396973,0.0,0.0,0.0,0.0
2018-11-27,15.05342960357666,0.0,0.0,0.0,0.0
2018-11-28,15.286450386047363,0.0,0.0,0.0,0.0
2018-11-29,15.864548683166504,0.0,0.0,0.0,0.0
2018-11-30,15.992722511291504,0.0,0.0,0.0,0.0
2018-12-03,16.18602180480957,0.0,0.0,0.0,0.0
2018-12-04,16.119462966918945,0.0,0.0,0.0,0.0
2018-12-06,15.559601783752441,0.0,0.0,0.0,0.0
2018-12-07,15.809426307678223,0.0,0.0,0.0,0.0
2018-12-10,14.982949256896973,0.0,0.0,0.0,0.0
2018-12-11,15.26198673248291,0.0,0.0,0.0,0.0
2018-12-12,15.403794288635254,0.0,0.0,0.0,0.0
2018-12-13,15.418198585510254,0.0,0.0,0.0,0.0
2018-12-14,15.2412691116333,0.0,0.0,0.0,0.0
2018-12-17,15.036843299865723,0.0,0.0,0.0,0.0
2018-12-18,14.474244117736816,0.0,0.0,0.0,0.0
2018-12-19,14.438736915588379,0.0,0.0,0.0,0.0
2018-12-20,14.3744478225708,0.0,0.0,0.0,0.0
2018-12-21,13.960892677307129,0.0,0.0,0.0,0.0
2018-12-24,13.856148719787598,0.0,0.0,0.0,0.0
2018-12-26,13.236863136291504,0.0,0.0,0.0,0.0
2018-12-27,14.510235786437988,0.0,0.0,0.0,0.0
2018-12-28,14.779068946838379,0.0,0.0,0.0,0.0
2018-12-31,15.023995399475098,0.0,0.0,0.0,0.0
2019-01-02,15.254315376281738,0.0,0.0,0.0,0.0
2019-01-03,15.066044807434082,0.0,0.0,0.0,0.0
2019-01-04,14.499096870422363,0.0,0.0,0.0,0.0
2019-01-07,15.083359718322754,0.0,0.0,0.0,0.0
2019-01-08,15.102150917053223,0.0,0.0,0.0,0.0
2019-01-09,14.681321144104004,0.0,0.0,0.0,0.0
2019-01-10,14.538254737854004,0.0,0.0,0.0,0.0
2019-01-11,14.817078590393066,0.0,0.0,0.0,0.0
2019-01-14,14.896588325500488,0.0,0.0,0.0,0.0
2019-01-15,14.89077091217041,0.0,0.0,0.0,0.0
2019-01-16,15.155739784240723,0.0,0.0,0.0,0.0
2019-01-17,14.906373023986816,0.0,0.0,0.0,0.0
2019-01-18,15.517647743225098,0.0,0.0,0.0,0.0
2019-01-22,15.842217445373535,0.0,0.0,0.0,0.0
2019-01-23,15.34130573272705,0.0,0.0,0.0,0.0
2019-01-24,15.327282905578613,0.0,0.0,0.0,0.0
2019-01-25,16.06858253479004,0.0,0.0,0.0,0.0
2019-01-28,16.071569442749023,0.0,0.0,0.0,0.0
2019-01-29,15.610512733459473,0.0,0.0,0.0,0.0
2019-01-30,15.323906898498535,0.0,0.0,0.0,0.0
2019-01-31,15.443032264709473,0.0,0.0,0.0,0.0
2019-02-01,16.147192001342773,0.0,0.0,0.0,0.0
2019-02-04,15.802681922912598,0.0,0.0,0.0,0.0
2019-02-05,15.643452644348145,0.0,0.0,0.0,0.0
2019-02-06,15.497014045715332,0.0,0.0,0.0,0.0
2019-02-07,15.138897895812988,0.0,0.0,0.0,0.0
2019-02-08,15.475434303283691,0.0,0.0,0.0,0.0
2019-02-11,15.390095710754395,0.0,0.0,0.0,0.0
2019-02-12,15.533093452453613,0.0,0.0,0.0,0.0
2019-02-13,15.648209571838379,0.0,0.0,0.0,0.0
2019-02-14,15.887455940246582,0.0,0.0,0.0,0.0
2019-02-15,15.992295265197754,0.0,0.0,0.0,0.0
2019-02-19,15.898468971252441,0.0,0.0,0.0,0.0
2019-02-20,15.927285194396973,0.0,0.0,0.0,0.0
2019-02-21,16.12110710144043,0.0,0.0,0.0,0.0
2019-02-22,15.623303413391113,0.0,0.0,0.0,0.0
2019-02-25,15.466729164123535,0.0,0.0,0.0,0.0
2019-02-26,15.355500221252441,0.0,0.0,0.0,0.0
2019-02-27,15.502312660217285,0.0,0.0,0.0,0.0
2019-02-28,15.122735023498535,0.0,0.0,0.0,0.0
2019-03-01,14.344208717346191,0.0,0.0,0.0,0.0
2019-03-04,14.750248908996582,0.0,0.0,0.0,0.0
2019-03-05,15.233052253723145,0.0,0.0,0.0,0.0
2019-03-06,15.083909034729004,0.0,0.0,0.0,0.0
2019-03-07,15.024422645568848,0.0,0.0,0.0,0.0
2019-03-08,14.823681831359863,0.0,0.0,0.0,0.0
2019-03-11,14.71474552154541,0.0,0.0,0.0,0.0
2019-03-12,15.247166633605957,0.0,0.0,0.0,0.0
2019-03-13,15.503705024719238,0.0,0.0,0.0,0.0
2019-03-14,15.807503700256348,0.0,0.0,0.0,0.0
2019-03-15,15.669693946838379,0.0,0.0,0.0,0.0
2019-03-18,15.954033851623535,0.0,0.0,0.0,0.0
2019-03-19,15.971783638000488,0.0,0.0,0.0,0.0
2019-03-20,16.18524742126465,0.0,0.0,0.0,0.0
2019-03-21,16.42997169494629,0.0,0.0,0.0,0.0
2019-03-22,16.199892044067383,0.0,0.0,0.0,0.0
2019-03-25,15.182217597961426,0.0,0.0,0.0,0.0
2019-03-26,15.18605899810791,0.0,0.0,0.0,0.0
2019-03-27,15.35289478302002,0.0,0.0,0.0,0.0
2019-03-28,15.089631080627441,0.0,0.0,0.0,0.0
2019-03-29,15.268891334533691,0.0,0.0,0.0,0.0
2019-04-01,15.50719928741455,0.0,0.0,0.0,0.0
2019-04-02,15.68319034576416,0.0,0.0,0.0,0.0
2019-04-03,15.692749977111816,0.0,0.0,0.0,0.0
2019-04-04,15.781075477600098,0.0,0.0,0.0,0.0
2019-04-05,15.574494361877441,0.0,0.0,0.0,0.0
2019-04-08,15.697037696838379,0.0,0.0,0.0,0.0
2019-04-09,15.727311134338379,0.0,0.0,0.0,0.0
2019-04-10,15.621926307678223,0.0,0.0,0.0,0.0
2019-04-11,15.690827369689941,0.0,0.0,0.0,0.0
2019-04-12,15.680146217346191,0.0,0.0,0.0,0.0
2019-04-15,15.782662391662598,0.0,0.0,0.0,0.0
2019-04-16,15.728875160217285,0.0,0.0,0.0,0.0
2019-04-17,15.92842960357666,0.0,0.0,0.0,0.0
2019-04-18,16.022096633911133,0.0,0.0,0.0,0.0
2019-04-22,15.98439884185791,0.0,0.0,0.0,0.0
2019-04-23,15.989998817443848,0.0,0.0,0.0,0.0
2019-04-24,16.45439338684082,0.0,0.0,0.0,0.0
2019-04-25,16.357301712036133,0.0,0.0,0.0,0.0
2019-04-26,16.448457717895508,0.0,0.0,0.0,0.0
2019-04-29,17.055978775024414,0.0,0.0,0.0,0.0
2019-04-30,16.966928482055664,0.0,0.0,0.0,0.0
2019-05-01,16.56797218322754,0.0,0.0,0.0,0.0
2019-05-02,16.237001419067383,0.0,0.0,0.0,0.0
2019-05-03,16.1059513092041,0.0,0.0,0.0,0.0
2019-05-06,16.555940628051758,0.0,0.0,0.0,0.0
2019-05-07,16.482988357543945,0.0,0.0,0.0,0.0
2019-05-08,16.165178298950195,0.0,0.0,0.0,0.0
2019-05-09,16.170289993286133,0.0,0.0,0.0,0.0
2019-05-10,15.837700843811035,0.0,0.0,0.0,0.0
2019-05-13,15.90706729888916,0.0,0.0,0.0,0.0
2019-05-14,15.325943946838379,0.0,0.0,0.0,0.0
2019-05-15,15.363144874572754,0.0,0.0,0.0,0.0
2019-05-16,15.653359413146973,0.0,0.0,0.0,0.0
2019-05-17,15.872132301330566,0.0,0.0,0.0,0.0
2019-05-20,15.694748878479004,0.0,0.0,0.0,0.0
2019-05-21,15.558213233947754,0.0,0.0,0.0,0.0
2019-05-22,15.614907264709473,0.0,0.0,0.0,0.0
2019-05-23,15.745987892150879,0.0,0.0,0.0,0.0
2019-05-24,15.481850624084473,0.0,0.0,0.0,0.0
2019-05-28,15.42073917388916,0.0,0.0,0.0,0.0
2019-05-29,15.304097175598145,0.0,0.0,0.0,0.0
2019-05-30,15.141186714172363,0.0,0.0,0.0,0.0
2019-05-31,15.222912788391113,0.0,0.0,0.0,0.0
2019-06-03,14.898159980773926,0.0,0.0,0.0,0.0
2019-06-04,14.532135963439941,0.0,0.0,0.0,0.0
2019-06-05,14.934876441955566,0.0,0.0,0.0,0.0
2019-06-06,14.90749454498291,0.0,0.0,0.0,0.0
2019-06-07,15.009278297424316,0.0,0.0,0.0,0.0
2019-06-10,15.415619850158691,0.0,0.0,0.0,0.0
2019-06-11,15.64937686920166,0.0,0.0,0.0,0.0
2019-06-12,15.542878150939941,0.0,0.0,0.0,0.0
2019-06-13,15.400925636291504,0.0,0.0,0.0,0.0
2019-06-14,15.527413368225098,0.0,0.0,0.0,0.0
2019-06-17,15.209755897521973,0.0,0.0,0.0,0.0
2019-06-18,15.405976295471191,0.0,0.0,0.0,0.0
2019-06-19,15.652153968811035,0.0,0.0,0.0,0.0
2019-06-20,15.886445045471191,0.0,0.0,0.0,0.0
2019-06-21,15.894944190979004,0.0,0.0,0.0,0.0
2019-06-24,16.0477237701416,0.0,0.0,0.0,0.0
2019-06-25,15.978562355041504,0.0,0.0,0.0,0.0
2019-06-26,15.60793399810791,0.0,0.0,0.0,0.0
2019-06-27,15.644928932189941,0.0,0.0,0.0,0.0
2019-06-28,15.654664039611816,0.0,0.0,0.0,0.0
2019-07-01,15.428841590881348,0.0,0.0,0.0,0.0
2019-07-02,15.785737037658691,0.0,0.0,0.0,0.0
2019-07-03,15.95491886138916,0.0,0.0,0.0,0.0
2019-07-05,16.154748916625977,0.0,0.0,0.0,0.0
2019-07-08,16.262529373168945,0.0,0.0,0.0,0.0
2019-07-09,15.948739051818848,0.0,0.0,0.0,0.0
2019-07-10,16.281328201293945,0.0,0.0,0.0,0.0
2019-07-11,16.303407669067383,0.0,0.0,0.0,0.0
2019-07-12,16.428125381469727,0.0,0.0,0.0,0.0
2019-07-15,16.782808303833008,0.0,0.0,0.0,0.0
2019-07-16,16.85904884338379,0.0,0.0,0.0,0.0
2019-07-17,16.58403968811035,0.0,0.0,0.0,0.0
2019-07-18,16.246171951293945,0.0,0.0,0.0,0.0
2019-07-19,16.13443946838379,0.0,0.0,0.0,0.0
2019-07-22,15.812088966369629,0.0,0.0,0.0,0.0
2019-07-23,16.040224075317383,0.0,0.0,0.0,0.0
2019-07-24,16.552316665649414,0.0,0.0,0.0,0.0
2019-07-25,16.567873001098633,0.0,0.0,0.0,0.0
2019-07-26,15.942933082580566,0.0,0.0,0.0,0.0
2019-07-29,16.89141273498535,0.0,0.0,0.0,0.0
2019-07-30,16.56584358215332,0.0,0.0,0.0,0.0
2019-07-31,16.69182777404785,0.0,0.0,0.0,0.0
2019-08-01,16.036287307739258,0.0,0.0,0.0,0.0
2019-08-02,16.026750564575195,0.0,0.0,0.0,0.0
2019-08-05,15.701607704162598,0.0,0.0,0.0,0.0
2019-08-06,15.1533784866333,0.0,0.0,0.0,0.0
2019-08-07,15.376908302307129,0.0,0.0,0.0,0.0
2019-08-08,15.282021522521973,0.0,0.0,0.0,0.0
2019-08-09,15.796174049377441,0.0,0.0,0.0,0.0
2019-08-12,15.484391212463379,0.0,0.0,0.0,0.0
2019-08-13,15.153908729553223,0.0,0.0,0.0,0.0
2019-08-14,15.583939552307129,0.0,0.0,0.0,0.0
2019-08-15,15.144078254699707,0.0,0.0,0.0,0.0
2019-08-16,15.511040687561035,0.0,0.0,0.0,0.0
2019-08-19,15.753838539123535,0.0,0.0,0.0,0.0
2019-08-20,15.770829200744629,0.0,0.0,0.0,0.0
2019-08-21,15.652436256408691,0.0,0.0,0.0,0.0
2019-08-22,16.00968360900879,0.0,0.0,0.0,0.0
2019-08-23,15.744576454162598,0.0,0.0,0.0,0.0
2019-08-26,15.39016056060791,0.0,0.0,0.0,0.0
2019-08-27,15.563981056213379,0.0,0.0,0.0,0.0
2019-08-28,15.52901554107666,0.0,0.0,0.0,0.0
2019-08-29,15.738465309143066,0.0,0.0,0.0,0.0
2019-08-30,15.863755226135254,0.0,0.0,0.0,0.0
2019-09-03,16.599443435668945,0.0,0.0,0.0,0.0
2019-09-04,16.416810989379883,0.0,0.0,0.0,0.0
2019-09-05,16.72808265686035,0.0,0.0,0.0,0.0
2019-09-06,17.302446365356445,0.0,0.0,0.0,0.0
2019-09-09,17.16905403137207,0.0,0.0,0.0,0.0
2019-09-10,16.495325088500977,0.0,0.0,0.0,0.0
2019-09-11,16.719736099243164,0.0,0.0,0.0,0.0
2019-09-12,16.924028396606445,0.0,0.0,0.0,0.0
2019-09-13,16.564966201782227,0.0,0.0,0.0,0.0
2019-09-16,16.8570499420166,0.0,0.0,0.0,0.0
2019-09-17,17.152620315551758,0.0,0.0,0.0,0.0
2019-09-18,17.2742862701416,0.0,0.0,0.0,0.0
2019-09-19,17.170930862426758,0.0,0.0,0.0,0.0
2019-09-20,17.305734634399414,0.0,0.0,0.0,0.0
2019-09-23,16.960901260375977,0.0,0.0,0.0,0.0
2019-09-24,17.118555068969727,0.0,0.0,0.0,0.0
2019-09-25,16.7032413482666,0.0,0.0,0.0,0.0
2019-09-26,16.58573341369629,0.0,0.0,0.0,0.0
2019-09-27,16.181772232055664,0.0,0.0,0.0,0.0
2019-09-30,15.514557838439941,0.0,0.0,0.0,0.0
2019-10-01,15.538987159729004,0.0,0.0,0.0,0.0
2019-10-02,15.206086158752441,0.0,0.0,0.0,0.0
2019-10-03,15.163636207580566,0.0,0.0,0.0,0.0
2019-10-04,15.747559547424316,0.0,0.0,0.0,0.0
2019-10-07,15.848465919494629,0.0,0.0,0.0,0.0
2019-10-08,15.979485511779785,0.0,0.0,0.0,0.0
2019-10-09,15.965500831604004,0.0,0.0,0.0,0.0
2019-10-10,16.31389045715332,0.0,0.0,0.0,0.0
2019-10-11,16.967866897583008,0.0,0.0,0.0,0.0
2019-10-14,17.07903480529785,0.0,0.0,0.0,0.0
2019-10-15,16.919336318969727,0.0,0.0,0.0,0.0
2019-10-16,17.391420364379883,0.0,0.0,0.0,0.0
2019-10-17,17.23375129699707,0.0,0.0,0.0,0.0
2019-10-18,17.445650100708008,0.0,0.0,0.0,0.0
2019-10-21,16.86747169494629,0.0,0.0,0.0,0.0
2019-10-22,17.08823585510254,0.0,0.0,0.0,0.0
2019-10-23,17.69400978088379,0.0,0.0,0.0,0.0
2019-10-24,17.349733352661133,0.0,0.0,0.0,0.0
2019-10-25,18.03044319152832,0.0,0.0,0.0,0.0
2019-10-28,18.43229866027832,0.0,0.0,0.0,0.0
2019-10-29,19.199716567993164,0.0,0.0,0.0,0.0
2019-10-30,19.163095474243164,0.0,0.0,0.0,0.0
2019-10-31,19.46177864074707,0.0,0.0,0.0,0.0
2019-11-01,19.568117141723633,0.0,0.0,0.0,0.0
2019-11-04,19.47776985168457,0.0,0.0,0.0,0.0
2019-11-05,19.67229652404785,0.0,0.0,0.0,0.0
2019-11-06,19.489770889282227,0.0,0.0,0.0,0.0
2019-11-07,19.0761661529541,0.0,0.0,0.0,0.0
2019-11-08,18.44028663635254,0.0,0.0,0.0,0.0
2019-11-11,18.675363540649414,0.0,0.0,0.0,0.0
2019-11-12,18.904329299926758,0.0,0.0,0.0,0.0
2019-11-13,18.645967483520508,0.0,0.0,0.0,0.0
2019-11-14,18.539445877075195,0.0,0.0,0.0,0.0
2019-11-15,18.512224197387695,0.0,0.0,0.0,0.0
2019-11-18,18.716638565063477,0.0,0.0,0.0,0.0
2019-11-19,18.805665969848633,0.0,0.0,0.0,0.0
2019-11-20,18.931062698364258,0.0,0.0,0.0,0.0
2019-11-21,19.06223487854004,0.0,0.0,0.0,0.0
2019-11-22,19.16802406311035,0.0,0.0,0.0,0.0
2019-11-25,19.302888870239258,0.0,0.0,0.0,0.0
2019-11-26,19.53019905090332,0.0,0.0,0.0,0.0
2019-11-27,19.244943618774414,0.0,0.0,0.0,0.0
2019-11-29,19.382326126098633,0.0,0.0,0.0,0.0
2019-12-02,19.342409133911133,0.0,0.0,0.0,0.0
2019-12-03,19.078752517700195,0.0,0.0,0.0,0.0
2019-12-04,19.1542911529541,0.0,0.0,0.0,0.0
2019-12-05,19.248247146606445,0.0,0.0,0.0,0.0
2019-12-06,19.22722053527832,0.0,0.0,0.0,0.0
2019-12-09,19.361597061157227,0.0,0.0,0.0,0.0
2019-12-10,18.935396194458008,0.0,0.0,0.0,0.0
2019-12-11,18.981874465942383,0.0,0.0,0.0,0.0
2019-12-12,19.284212112426758,0.0,0.0,0.0,0.0
2019-12-13,19.59654426574707,0.0,0.0,0.0,0.0
2019-12-16,19.833009719848633,0.0,0.0,0.0,0.0
2019-12-17,20.04002571105957,0.0,0.0,0.0,0.0
2019-12-18,19.91990852355957,0.0,0.0,0.0,0.0
2019-12-19,20.114259719848633,0.0,0.0,0.0,0.0
2019-12-20,20.344736099243164,0.0,0.0,0.0,0.0
2019-12-23,20.360307693481445,0.0,0.0,0.0,0.0
2019-12-24,20.33098030090332,0.0,0.0,0.0,0.0
2019-12-26,20.45628547668457,0.0,0.0,0.0,0.0
2019-12-27,20.52140235900879,0.0,0.0,0.0,0.0
2019-12-30,20.535356521606445,0.0,0.0,0.0,0.0
2019-12-31,20.37803840637207,0.0,0.0,0.0,0.0
2020-01-02,20.460969924926758,0.0,0.0,0.0,0.0
2020-01-03,20.85563850402832,0.0,0.0,0.0,0.0
2020-01-06,20.693361282348633,0.0,0.0,0.0,0.0
2020-01-07,20.532594680786133,0.0,0.0,0.0,0.0
2020-01-08,20.727144241333008,0.0,0.0,0.0,0.0
2020-01-09,21.041414260864258,0.0,0.0,0.0,0.0
2020-01-10,21.176729202270508,0.0,0.0,0.0,0.0
2020-01-13,20.896875381469727,0.0,0.0,0.0,0.0
2020-01-14,20.625444412231445,0.0,0.0,0.0,0.0
2020-01-15,20.597246170043945,0.0,0.0,0.0,0.0
2020-01-16,20.748857498168945,0.0,0.0,0.0,0.0
2020-01-17,20.54680061340332,0.0,0.0,0.0,0.0
2020-01-21,20.6509952545166,0.0,0.0,0.0,0.0
2020-01-22,20.107667922973633,0.0,0.0,0.0,0.0
2020-01-23,20.108774185180664,0.0,0.0,0.0,0.0
2020-01-24,19.97209358215332,0.0,0.0,0.0,0.0
2020-01-27,19.60477638244629,0.0,0.0,0.0,0.0
2020-01-28,19.438051223754883,0.0,0.0,0.0,0.0
2020-01-29,19.667497634887695,0.0,0.0,0.0,0.0
2020-01-30,19.75157356262207,0.0,0.0,0.0,0.0
2020-01-31,19.67508888244629,0.0,0.0,0.0,0.0
2020-02-03,19.449617385864258,0.0,0.0,0.0,0.0
2020-02-04,19.60320472717285,0.0,0.0,0.0,0.0
2020-02-05,20.200838088989258,0.0,0.0,0.0,0.0
2020-02-06,20.670473098754883,0.0,0.0,0.0,0.0
2020-02-07,20.807565689086914,0.0,0.0,0.0,0.0
2020-02-10,20.344629287719727,0.0,0.0,0.0,0.0
2020-02-11,20.658296585083008,0.0,0.0,0.0,0.0
2020-02-12,20.869081497192383,0.0,0.0,0.0,0.0
2020-02-13,21.134492874145508,0.0,0.0,0.0,0.0
2020-02-14,21.097749710083008,0.0,0.0,0.0,0.0
2020-02-18,21.16118812561035,0.0,0.0,0.0,0.0
2020-02-19,21.12473487854004,0.0,0.0,0.0,0.0
2020-02-20,21.266130447387695,0.0,0.0,0.0,0.0
2020-02-21,21.34453010559082,0.0,0.0,0.0,0.0
2020-02-24,20.91325569152832,0.0,0.0,0.0,0.0
2020-02-25,19.851274490356445,0.0,0.0,0.0,0.0
2020-02-26,19.153505325317383,0.0,0.0,0.0,0.0
2020-02-27,18.97873878479004,0.0,0.0,0.0,0.0
2020-02-28,17.83604621887207,0.0,0.0,0.0,0.0
2020-03-02,18.133378982543945,0.0,0.0,0.0,0.0
2020-03-03,18.799219131469727,0.0,0.0,0.0,0.0
2020-03-04,17.93992042541504,0.0,0.0,0.0,0.0
2020-03-05,19.07097816467285,0.0,0.0,0.0,0.0
2020-03-06,18.15812873840332,0.0,0.0,0.0,0.0
2020-03-09,17.8391056060791,0.0,0.0,0.0,0.0
2020-03-10,16.0219783782959,0.0,0.0,0.0,0.0
2020-03-11,17.264467239379883,0.0,0.0,0.0,0.0
2020-03-12,16.15989112854004,0.0,0.0,0.0,0.0
2020-03-13,14.223389625549316,0.0,0.0,0.0,0.0
2020-03-16,15.691365242004395,0.0,0.0,0.0,0.0
2020-03-17,12.928624153137207,0.0,0.0,0.0,0.0
2020-03-18,14.057347297668457,0.0,0.0,0.0,0.0
2020-03-19,12.942395210266113,12.0,12.0,12.0,12.0
2020-03-20,13.262139320373535,12.0,13.0,13.0,12.75
2020-03-23,12.275242805480957,11.5,12.75,12.75,11.539999961853027
2020-03-24,11.759106636047363,11.5,12.899999618530273,12.899999618530273,11.699999809265135
2020-03-25,13.572205543518066,11.800000190734865,11.800000190734865,13.449999809265135,13.449999809265135
2020-03-26,14.03127384185791,14.0,14.0,15.449999809265135,15.449999809265135
2020-03-27,15.212677955627441,14.550000190734865,15.0,16.0,14.550000190734865
2020-03-30,14.451226234436035,15.25,15.25,16.5,15.899999618530273
2020-03-31,15.076111793518066,14.5600004196167,16.389999389648438,17.25,17.25
2020-04-01,14.720383644104004,14.5600004196167,16.0,16.0,15.050000190734865
2020-04-02,13.712189674377441,12.119999885559082,15.65999984741211,15.899999618530273,13.279999732971193
2020-04-03,14.026337623596191,13.380000114440918,13.75,17.0,16.920000076293945
2020-04-06,13.715352058410645,14.850000381469727,17.059999465942386,17.149999618530273,15.4399995803833
2020-04-07,15.325547218322754,14.550000190734865,15.199999809265135,15.800000190734865,15.25
2020-04-08,15.389851570129395,13.729999542236328,14.5,15.25,14.260000228881836
2020-04-09,16.205514907836914,13.899999618530273,14.0,15.5,14.779999732971193
2020-04-13,16.563894271850586,13.979999542236328,14.5,14.5,13.989999771118164
2020-04-14,16.26531410217285,13.779999732971193,14.0,14.199999809265135,13.869999885559082
2020-04-15,16.970056533813477,12.9399995803833,13.529999732971193,13.654999732971193,13.359999656677244
2020-04-16,16.42030906677246,12.260000228881836,13.149999618530273,13.25,12.890000343322756
2020-04-17,16.606714248657227,12.93000030517578,13.300000190734865,13.829999923706055,13.739999771118164
2020-04-20,17.30592918395996,13.475000381469727,13.5,14.739999771118164,14.449999809265135
2020-04-21,16.90226173400879,14.18000030517578,14.220000267028807,15.25,14.6899995803833
2020-04-22,16.199617385864258,14.220000267028807,14.949999809265135,15.15999984741211,14.789999961853027
2020-04-23,16.67497444152832,14.609999656677244,14.699999809265135,15.920000076293945,15.720000267028807
2020-04-24,16.67586326599121,15.289999961853027,15.600000381469727,16.670000076293945,16.25
2020-04-27,16.988183975219727,15.975000381469727,16.170000076293945,16.809999465942386,16.799999237060547
2020-04-28,17.418664932250977,16.610000610351562,16.879999160766598,17.75,17.0
2020-04-29,17.423002243041992,17.170000076293945,17.459999084472653,18.07999992370605,17.639999389648438
2020-04-30,18.03801155090332,16.985000610351562,17.219999313354492,17.84000015258789,17.709999084472656
2020-05-01,17.734304428100586,16.620000839233402,17.329999923706055,17.350000381469727,16.770000457763672
2020-05-04,17.00144386291504,15.6899995803833,16.149999618530273,16.520000457763672,16.399999618530273
2020-05-05,17.111345291137695,15.84000015258789,16.680000305175778,16.760000228881836,15.970000267028807
2020-05-06,17.382478713989258,15.43000030517578,16.0,16.370000839233402,16.290000915527347
2020-05-07,17.21446418762207,15.880000114440918,16.209999084472653,17.040000915527347,16.40999984741211
2020-05-08,17.52678871154785,16.934999465942386,17.040000915527347,18.399999618530273,18.36000061035156
2020-05-11,17.918954849243164,18.020000457763672,18.43000030517578,18.75,18.350000381469727
2020-05-12,17.91472816467285,17.690000534057614,18.38999938964844,18.399999618530273,17.799999237060547
2020-05-13,17.320165634155273,16.100000381469727,17.209999084472653,17.437000274658207,16.440000534057614
2020-05-14,16.915781021118164,15.720000267028807,16.020000457763672,16.71500015258789,16.549999237060547
2020-05-15,17.15483283996582,16.0,16.299999237060547,16.96500015258789,16.709999084472653
2020-05-18,17.304616928100586,17.290000915527347,17.299999237060547,17.719999313354492,17.549999237060547
2020-05-19,18.21482276916504,17.149999618530273,17.440000534057614,17.920000076293945,17.770000457763672
2020-05-20,18.0323429107666,18.040000915527344,18.15999984741211,19.049999237060547,18.729999542236328
2020-05-21,18.420366287231445,18.5,18.540000915527344,19.520000457763672,19.450000762939453
2020-05-22,18.252962112426758,18.950000762939453,19.46999931335449,19.86000061035156,19.049999237060547
2020-05-26,18.380151748657227,19.34000015258789,19.61000061035156,20.600000381469727,19.51000022888184
2020-05-27,18.796586990356445,19.43000030517578,19.56999969482422,20.1299991607666,19.989999771118164
2020-05-28,19.21109962463379,19.5049991607666,20.07999992370605,20.459999084472656,19.600000381469727
2020-05-29,19.14115333557129,18.8799991607666,18.959999084472656,20.979999542236328,20.46999931335449
2020-06-01,19.30070686340332,20.549999237060547,20.549999237060547,21.950000762939453,21.81999969482422
2020-06-02,19.42552375793457,20.905000686645508,21.690000534057614,21.82900047302246,21.36000061035156
2020-06-03,19.6260929107666,21.3799991607666,21.46999931335449,22.57999992370605,22.21999931335449
2020-06-04,20.053865432739258,22.030000686645508,22.030000686645508,23.1200008392334,22.68000030517578
2020-06-05,19.924455642700195,23.3799991607666,23.540000915527344,24.399999618530273,23.559999465942386
2020-06-08,20.59471321105957,23.309999465942386,23.6299991607666,24.3799991607666,24.3700008392334
2020-06-09,20.890260696411133,23.209999084472656,23.739999771118164,23.959999084472656,23.209999084472656
2020-06-10,20.564241409301758,22.040000915527344,22.309999465942386,23.149999618530273,22.200000762939453
2020-06-11,20.349092483520508,20.0,20.15999984741211,21.799999237060547,21.059999465942386
2020-06-12,18.74344825744629,21.020000457763672,22.0,22.309999465942386,21.540000915527344
2020-06-15,19.06120491027832,20.6299991607666,20.71999931335449,22.540000915527344,21.96999931335449
2020-06-16,19.36381721496582,21.924999237060547,22.959999084472656,22.979999542236328,22.06999969482422
2020-06-17,19.863466262817383,21.07999992370605,22.170000076293945,22.34000015258789,21.26000022888184
2020-06-18,19.820283889770508,21.0,21.0,21.88999938964844,21.25
2020-06-19,19.76706886291504,21.0,21.76000022888184,21.850000381469727,21.450000762939453
2020-06-22,19.666780471801758,21.309999465942386,21.520000457763672,22.82500076293945,22.739999771118164
2020-06-23,19.758447647094727,22.31999969482422,23.1200008392334,23.239999771118164,22.38999938964844
2020-06-24,19.83623695373535,21.450000762939453,22.100000381469727,22.65999984741211,21.81999969482422
2020-06-25,19.114328384399414,21.03499984741211,21.6200008392334,21.8700008392334,21.520000457763672
2020-06-26,19.357439041137695,20.590999603271484,21.520000457763672,21.739999771118164,20.96999931335449
2020-06-29,18.844560623168945,21.0,21.07999992370605,22.46999931335449,22.1200008392334
2020-06-30,19.209291458129883,21.40999984741211,21.809999465942386,22.40999984741211,22.21999931335449
2020-07-01,19.625993728637695,21.8700008392334,22.31999969482422,23.01000022888184,22.61000061035156
2020-07-02,19.805147171020508,22.56999969482422,22.989999771118164,23.21999931335449,22.90999984741211
2020-07-06,19.962221145629883,23.1299991607666,23.1299991607666,24.290000915527344,24.209999084472656
2020-07-07,20.41942024230957,23.72400093078613,23.76000022888184,24.18000030517578,24.01000022888184
2020-07-08,20.092195510864258,23.459999084472656,23.8799991607666,24.09000015258789,23.989999771118164
2020-07-09,20.267229080200195,23.76000022888184,24.0,24.21999931335449,23.90999984741211
2020-07-10,20.172754287719727,23.71999931335449,23.84000015258789,26.059999465942386,24.88999938964844
2020-07-13,20.403703689575195,23.26000022888184,25.13999938964844,25.209999084472656,24.28000068664551
2020-07-14,20.11570167541504,24.229999542236328,24.29999923706055,25.15999984741211,25.149999618530273
2020-07-15,20.541749954223633,25.540000915527344,25.57999992370605,26.56999969482422,26.45000076293945
2020-07-16,20.914827346801758,25.920000076293945,26.1200008392334,26.989999771118164,26.61000061035156
2020-07-17,20.843645095825195,26.32999992370605,26.88999938964844,26.899999618530273,26.479999542236328
2020-07-20,20.976884841918945,26.065000534057614,26.21999931335449,26.540000915527344,26.40999984741211
2020-07-21,21.236291885375977,26.15999984741211,26.290000915527344,26.79999923706055,26.56999969482422
2020-07-22,21.2612247467041,26.31999969482422,26.34000015258789,27.059999465942386,26.60000038146973
2020-07-23,21.534914016723633,26.520000457763672,26.65999984741211,27.6299991607666,27.35000038146973
2020-07-24,21.268457412719727,26.540000915527344,27.25,27.26000022888184,26.57999992370605
2020-07-27,21.130952835083008,26.07999992370605,26.5,26.78000068664551,26.25
2020-07-28,21.431230545043945,25.85000038146973,26.06999969482422,26.399999618530273,26.06999969482422
2020-07-29,21.1147403717041,26.11000061035156,26.11000061035156,27.71999931335449,27.18000030517578
2020-07-30,21.540895462036133,25.60000038146973,25.85000038146973,27.5,26.899999618530273
2020-07-31,21.48044776916504,26.6299991607666,26.85000038146973,27.354999542236328,27.239999771118164
2020-08-03,21.4626407623291,27.01000022888184,27.239999771118164,27.88999938964844,27.6200008392334
2020-08-04,21.498239517211914,27.15999984741211,27.399999618530273,27.8700008392334,27.770000457763672
2020-08-05,21.521860122680664,27.65999984741211,27.65999984741211,28.17499923706055,28.11000061035156
2020-08-06,21.941957473754883,27.940000534057614,28.020000457763672,28.540000915527344,28.270000457763672
2020-08-07,21.951974868774414,28.440000534057614,28.71999931335449,29.03000068664551,28.96999931335449
2020-08-10,21.94535255432129,28.90999984741211,29.020000457763672,29.56999969482422,29.459999084472656
2020-08-11,22.046281814575195,29.440000534057614,30.15999984741211,30.31999969482422,29.489999771118164
2020-08-12,21.920656204223633,29.6200008392334,29.8700008392334,30.190000534057614,29.790000915527344
2020-08-13,22.310739517211914,29.3700008392334,29.899999618530273,30.28000068664551,29.540000915527344
2020-08-14,22.292558670043945,29.28000068664551,29.709999084472656,30.04800033569336,29.520000457763672
2020-08-17,22.281076431274414,29.14299964904785,29.5,30.184999465942386,29.84000015258789
2020-08-18,22.445131301879883,29.3700008392334,29.71999931335449,30.04999923706055,29.459999084472656
2020-08-19,22.58665657043457,29.1200008392334,29.540000915527344,29.690000534057614,29.25
2020-08-20,22.40069007873535,28.75,29.020000457763672,29.40999984741211,29.01000022888184
2020-08-21,22.363954544067383,29.084999084472656,29.15999984741211,29.81999969482422,29.520000457763672
2020-08-24,22.46568489074707,29.739999771118164,29.76000022888184,30.440000534057614,30.3799991607666
2020-08-25,22.672380447387695,30.40999984741211,30.5,30.80500030517578,30.46999931335449
2020-08-26,22.65764808654785,30.40999984741211,30.51000022888184,31.239999771118164,31.03000068664551
2020-08-27,22.88730812072754,30.15999984741211,31.06999969482422,31.239999771118164,30.28000068664551
2020-08-28,22.89671516418457,29.95499992370605,30.3799991607666,30.47500038146973,30.29999923706055
2020-08-31,23.044328689575195,29.82999992370605,30.190000534057614,30.459999084472656,29.85000038146973
2020-09-01,22.963869094848633,29.170000076293945,29.65999984741211,30.36000061035156,30.29999923706055
2020-09-02,23.190370559692383,29.84000015258789,30.21999931335449,30.95000076293945,30.78000068664551
2020-09-03,23.662134170532227,28.959999084472656,30.5,30.690000534057614,29.32999992370605
2020-09-04,22.696969985961914,28.82999992370605,29.43000030517578,30.09499931335449,30.0
2020-09-08,22.361406326293945,29.20000076293945,29.35000038146973,30.25,29.56999969482422
2020-09-09,21.699861526489258,29.54999923706055,29.93000030517578,30.34499931335449,30.1299991607666
2020-09-10,22.307268142700195,28.57999992370605,29.899999618530273,30.01000022888184,29.13999938964844
2020-09-11,21.794939041137695,29.01000022888184,29.170000076293945,29.645000457763672,29.239999771118164
2020-09-14,21.87932777404785,28.82999992370605,29.399999618530273,29.440000534057614,29.149999618530273
2020-09-15,22.251779556274414,29.30100059509277,29.479999542236328,30.040000915527344,29.690000534057614
2020-09-16,22.316545486450195,29.524999618530273,30.15999984741211,30.53499984741211,30.25
2020-09-17,22.323823928833008,29.3700008392334,29.770000457763672,30.69499969482422,30.65999984741211
2020-09-18,22.068307876586914,30.5,30.5,31.20000076293945,30.790000915527344
2020-09-21,21.69211769104004,29.21999931335449,30.290000915527344,30.770000457763672,29.51000022888184
2020-09-22,21.244325637817383,29.489999771118164,29.51000022888184,30.32999992370605,30.26000022888184
2020-09-23,21.654550552368164,29.10000038146973,30.399999618530273,30.420000076293945,29.11000061035156
2020-09-24,20.932527542114258,28.790000915527344,29.1200008392334,29.96999931335449,29.8799991607666
2020-09-25,21.0388126373291,29.35000038146973,29.399999618530273,30.5,30.489999771118164
2020-09-28,21.475496292114258,30.43000030517578,30.75,31.559999465942386,30.739999771118164
2020-09-29,22.036073684692383,30.07999992370605,30.51000022888184,30.690000534057614,30.5
2020-09-30,21.783411026000977,30.35000038146973,30.61000061035156,31.239999771118164,30.540000915527344
2020-10-01,22.037866592407227,30.54999923706055,30.71999931335449,31.059999465942386,30.770000457763672
2020-10-02,22.16410255432129,30.26000022888184,30.34000015258789,31.520000457763672,31.229999542236328
2020-10-05,21.924501419067383,31.63999938964844,31.63999938964844,32.470001220703125,32.080001831054695
2020-10-06,22.42417335510254,31.45000076293945,32.34000015258789,32.389999389648445,31.51000022888184
2020-10-07,21.884492874145508,31.88999938964844,31.93000030517578,32.290000915527344,32.11999893188477
2020-10-08,22.44156837463379,31.6299991607666,32.310001373291016,32.46699905395508,31.95000076293945
2020-10-09,22.641878128051758,31.709999084472656,31.90999984741211,32.549999237060554,32.22999954223633
2020-10-12,22.964265823364258,32.200000762939446,32.59000015258789,33.15999984741211,33.0
2020-10-13,23.44547462463379,32.040000915527344,33.299999237060554,33.470001220703125,32.490001678466804
2020-10-14,23.285593032836914,32.43000030517578,32.68000030517578,33.049999237060554,32.509998321533196
2020-10-15,23.136499404907227,32.009998321533196,32.09000015258789,32.65999984741211,32.59999847412109
2020-10-16,23.065454483032227,32.419998168945305,32.919998168945305,33.27000045776367,32.759998321533196
2020-10-19,22.94621467590332,32.06999969482422,32.799999237060554,33.0,32.31999969482422
2020-10-20,22.533464431762695,32.34999847412109,32.450000762939446,33.799999237060554,33.22999954223633
2020-10-21,22.433183670043945,32.900001525878906,33.060001373291016,33.439998626708984,33.34999847412109
2020-10-22,22.534875869750977,33.150001525878906,33.150001525878906,34.130001068115234,33.889999389648445
2020-10-23,22.984758377075195,33.860000610351555,33.900001525878906,34.959999084472656,34.93000030517578
2020-10-26,23.200998306274414,33.27000045776367,34.450000762939446,34.450000762939446,33.709999084472656
2020-10-27,22.617082595825195,33.110000610351555,33.830001831054695,33.939998626708984,33.59999847412109
2020-10-28,22.437509536743164,32.759998321533196,32.93000030517578,33.759998321533196,33.299999237060554
2020-10-29,21.2902774810791,32.93000030517578,33.790000915527344,34.779998779296875,34.06999969482422
2020-10-30,21.752771377563477,33.0,33.970001220703125,34.880001068115234,33.389999389648445
2020-11-02,21.336366653442383,33.86999893188477,34.0,35.130001068115234,35.09999847412109
2020-11-03,21.86857795715332,35.43000030517578,35.45000076293945,37.0099983215332,36.95000076293945
2020-11-04,22.5635929107666,35.5,35.630001068115234,37.400001525878906,36.77999877929688
2020-11-05,23.062532424926758,37.38000106811523,37.5099983215332,38.29999923706055,38.20000076293945
2020-11-06,23.580507278442383,38.14500045776367,38.52999877929688,39.02999877929688,38.95000076293945
2020-11-09,23.483163833618164,38.68000030517578,40.7400016784668,41.29999923706055,38.79999923706055
2020-11-10,24.108118057250977,37.58000183105469,39.02999877929688,39.349998474121094,37.810001373291016
2020-11-11,23.919748306274414,37.88999938964844,38.4900016784668,38.72999954223633,38.060001373291016
2020-11-12,24.156396865844727,37.78499984741211,38.0,38.935001373291016,37.959999084472656
2020-11-13,23.802270889282227,38.13999938964844,38.22999954223633,38.61000061035156,38.290000915527344
2020-11-16,24.30931282043457,38.47999954223633,39.2400016784668,40.5099983215332,40.5
2020-11-17,24.79130744934082,39.86000061035156,41.45000076293945,41.47999954223633,40.36000061035156
2020-11-18,24.319101333618164,39.36999893188477,40.27999877929688,40.59000015258789,39.38999938964844
2020-11-19,24.15850257873535,38.5099983215332,39.0,39.27999877929688,39.13000106811523
2020-11-20,24.22722053527832,38.209999084472656,38.93000030517578,39.099998474121094,38.540000915527344
2020-11-23,24.077943801879883,38.400001525878906,39.0,39.13999938964844,38.77000045776367
2020-11-24,24.41575050354004,38.43000030517578,38.93999862670898,39.56499862670898,39.36999893188477
2020-11-25,25.140703201293945,38.52000045776367,39.060001373291016,39.2400016784668,38.61000061035156
2020-11-27,25.01084327697754,37.459999084472656,38.68999862670898,38.84000015258789,37.810001373291016
2020-11-30,25.162508010864258,37.40999984741211,37.75,38.47999954223633,38.06999969482422
2020-12-01,24.692102432250977,37.54999923706055,38.63999938964844,38.93999862670898,37.599998474121094
2020-12-02,25.0639591217041,36.560001373291016,37.18999862670898,37.27999877929688,36.83000183105469
2020-12-03,25.30832862854004,36.599998474121094,37.18999862670898,37.77000045776367,36.68999862670898
2020-12-04,25.48807716369629,37.05500030517578,37.27000045776367,37.97000122070313,37.70000076293945
2020-12-07,25.73027229309082,36.709999084472656,37.54999923706055,37.70000076293945,36.84000015258789
2020-12-08,25.660913467407227,36.61000061035156,36.63999938964844,37.56999969482422,37.29999923706055
2020-12-09,25.68027687072754,37.38999938964844,37.40999984741211,37.9900016784668,37.84000015258789
2020-12-10,25.440332412719727,37.266998291015625,37.66999816894531,38.47000122070313,37.540000915527344
2020-12-11,25.2352237701416,36.7599983215332,37.15999984741211,37.38999938964844,37.15999984741211
2020-12-14,25.096994400024414,36.52000045776367,37.5,37.54999923706055,36.61999893188477
2020-12-15,24.73405647277832,36.52000045776367,37.099998474121094,37.90999984741211,37.66999816894531
2020-12-16,25.054208755493164,37.34000015258789,37.72999954223633,38.02000045776367,38.0
2020-12-17,24.984216690063477,38.25,38.40999984741211,38.8650016784668,38.70000076293945
2020-12-18,25.308191299438477,37.61000061035156,38.75,38.86000061035156,38.790000915527344
2020-12-21,25.170747756958008,37.930999755859375,38.0,38.72000122070313,38.52000045776367
2020-12-22,25.14153480529785,37.86000061035156,38.290000915527344,38.52000045776367,38.02999877929688
2020-12-23,25.039270401000977,37.79999923706055,38.11999893188477,38.400001525878906,38.15999984741211
2020-12-24,25.105051040649414,37.849998474121094,37.90999984741211,38.2400016784668,37.88999938964844
2020-12-28,25.062585830688477,37.75,38.11000061035156,39.43000030517578,37.7599983215332
2020-12-29,25.259164810180664,36.68000030517578,38.0,38.18000030517578,37.16999816894531
2020-12-30,25.16624641418457,37.25,37.310001373291016,37.79999923706055,37.72999954223633
2020-12-31,25.26725196838379,36.91999816894531,37.61999893188477,37.810001373291016,37.72000122070313
2021-01-04,25.619943618774414,36.97999954223633,38.349998474121094,38.38000106811523,37.02999877929688
2021-01-05,24.893022537231445,36.79999923706055,37.0,38.18000030517578,37.93999862670898
2021-01-06,25.185190200805664,38.31999969482422,38.31999969482422,40.2599983215332,40.04999923706055
2021-01-07,25.321496963500977,40.0,40.40999984741211,41.18999862670898,41.09000015258789
2021-01-08,25.953195571899414,40.0,41.20000076293945,41.349998474121094,40.68999862670898
2021-01-11,26.411386489868164,39.849998474121094,39.88000106811523,41.84299850463867,41.56999969482422
2021-01-12,25.983102798461914,41.04999923706055,41.560001373291016,41.93999862670898,41.7400016784668
2021-01-13,25.979028701782227,40.83000183105469,41.41999816894531,41.88999938964844,41.38000106811523
2021-01-14,25.904855728149414,40.72999954223633,41.400001525878906,41.59000015258789,40.79999923706055
2021-01-15,25.394006729125977,39.57099914550781,40.599998474121094,40.599998474121094,40.38000106811523
2021-01-19,25.37949562072754,40.20000076293945,40.70000076293945,40.97999954223633,40.36999893188477
2021-01-20,25.84543800354004,39.68999862670898,40.40999984741211,40.40999984741211,40.040000915527344
2021-01-21,26.500757217407227,39.209999084472656,40.400001525878906,40.400001525878906,39.7400016784668
2021-01-22,26.753000259399414,39.099998474121094,39.20000076293945,40.11000061035156,39.5099983215332
2021-01-25,26.89176368713379,37.20000076293945,38.97000122070313,39.05699920654297,38.88999938964844
2021-01-26,27.010766983032227,38.0099983215332,38.88999938964844,39.0,38.01380157470703
2021-01-27,27.10227394104004,0.0,0.0,0.0,0.0
