date,pred,low,open,high,close,acc
2016-01-27,0.0,0.0,0.0,0.0,0.0,
2016-01-28,40.56967544555664,0.0,0.0,0.0,0.0,inf
2016-01-29,40.70036315917969,0.0,0.0,0.0,0.0,inf
2016-02-01,41.96001052856445,0.0,0.0,0.0,0.0,inf
2016-02-02,42.35444641113281,0.0,0.0,0.0,0.0,inf
2016-02-03,42.00836944580078,0.0,0.0,0.0,0.0,inf
2016-02-04,41.88882064819336,0.0,0.0,0.0,0.0,inf
2016-02-05,41.5140380859375,0.0,0.0,0.0,0.0,inf
2016-02-08,40.59700012207031,0.0,0.0,0.0,0.0,inf
2016-02-09,40.10721969604492,0.0,0.0,0.0,0.0,inf
2016-02-10,39.71852111816406,0.0,0.0,0.0,0.0,inf
2016-02-11,39.67341613769531,0.0,0.0,0.0,0.0,inf
2016-02-12,39.506046295166016,0.0,0.0,0.0,0.0,inf
2016-02-16,40.3294563293457,0.0,0.0,0.0,0.0,inf
2016-02-17,41.11473083496094,0.0,0.0,0.0,0.0,inf
2016-02-18,42.096309661865234,0.0,0.0,0.0,0.0,inf
2016-02-19,41.95571517944336,0.0,0.0,0.0,0.0,inf
2016-02-22,42.31800842285156,0.0,0.0,0.0,0.0,inf
2016-02-23,42.560054779052734,0.0,0.0,0.0,0.0,inf
2016-02-24,42.42296600341797,0.0,0.0,0.0,0.0,inf
2016-02-25,42.934814453125,0.0,0.0,0.0,0.0,inf
2016-02-26,43.4077033996582,0.0,0.0,0.0,0.0,inf
2016-02-29,43.15824890136719,0.0,0.0,0.0,0.0,inf
2016-03-01,43.05216598510742,0.0,0.0,0.0,0.0,inf
2016-03-02,43.406429290771484,0.0,0.0,0.0,0.0,inf
2016-03-03,43.2764892578125,0.0,0.0,0.0,0.0,inf
2016-03-04,43.485450744628906,0.0,0.0,0.0,0.0,inf
2016-03-07,43.2452278137207,0.0,0.0,0.0,0.0,inf
2016-03-08,43.2042121887207,0.0,0.0,0.0,0.0,inf
2016-03-09,42.752349853515625,0.0,0.0,0.0,0.0,inf
2016-03-10,43.10747528076172,0.0,0.0,0.0,0.0,inf
2016-03-11,43.33005142211914,0.0,0.0,0.0,0.0,inf
2016-03-14,43.865909576416016,0.0,0.0,0.0,0.0,inf
2016-03-15,43.706687927246094,0.0,0.0,0.0,0.0,inf
2016-03-16,43.465003967285156,0.0,0.0,0.0,0.0,inf
2016-03-17,43.84236145019531,0.0,0.0,0.0,0.0,inf
2016-03-18,43.78822326660156,0.0,0.0,0.0,0.0,inf
2016-03-21,43.43559265136719,0.0,0.0,0.0,0.0,inf
2016-03-22,43.808929443359375,0.0,0.0,0.0,0.0,inf
2016-03-23,43.66450881958008,0.0,0.0,0.0,0.0,inf
2016-03-24,43.39746856689453,0.0,0.0,0.0,0.0,inf
2016-03-28,43.12432098388672,0.0,0.0,0.0,0.0,inf
2016-03-29,43.095314025878906,0.0,0.0,0.0,0.0,inf
2016-03-30,43.394927978515625,0.0,0.0,0.0,0.0,inf
2016-03-31,43.495849609375,0.0,0.0,0.0,0.0,inf
2016-04-01,43.17932891845703,0.0,0.0,0.0,0.0,inf
2016-04-04,43.37165832519531,0.0,0.0,0.0,0.0,inf
2016-04-05,43.044166564941406,0.0,0.0,0.0,0.0,inf
2016-04-06,42.90574645996094,0.0,0.0,0.0,0.0,inf
2016-04-07,43.1944694519043,0.0,0.0,0.0,0.0,inf
2016-04-08,43.19200134277344,0.0,0.0,0.0,0.0,inf
2016-04-11,43.202510833740234,0.0,0.0,0.0,0.0,inf
2016-04-12,42.977691650390625,0.0,0.0,0.0,0.0,inf
2016-04-13,43.10250473022461,0.0,0.0,0.0,0.0,inf
2016-04-14,43.32929229736328,0.0,0.0,0.0,0.0,inf
2016-04-15,43.428680419921875,0.0,0.0,0.0,0.0,inf
2016-04-18,43.296600341796875,0.0,0.0,0.0,0.0,inf
2016-04-19,43.4174690246582,0.0,0.0,0.0,0.0,inf
2016-04-20,42.94264221191406,0.0,0.0,0.0,0.0,inf
2016-04-21,42.66964340209961,0.0,0.0,0.0,0.0,inf
2016-04-22,42.24653625488281,0.0,0.0,0.0,0.0,inf
2016-04-25,42.13054275512695,0.0,0.0,0.0,0.0,inf
2016-04-26,41.99073028564453,0.0,0.0,0.0,0.0,inf
2016-04-27,42.14788818359375,0.0,0.0,0.0,0.0,inf
2016-04-28,42.54277801513672,0.0,0.0,0.0,0.0,inf
2016-04-29,41.75566101074219,0.0,0.0,0.0,0.0,inf
2016-05-02,41.364402770996094,0.0,0.0,0.0,0.0,inf
2016-05-03,41.58419418334961,0.0,0.0,0.0,0.0,inf
2016-05-04,41.5531005859375,0.0,0.0,0.0,0.0,inf
2016-05-05,41.354736328125,0.0,0.0,0.0,0.0,inf
2016-05-06,41.25484085083008,0.0,0.0,0.0,0.0,inf
2016-05-09,41.22518539428711,0.0,0.0,0.0,0.0,inf
2016-05-10,41.65093994140625,0.0,0.0,0.0,0.0,inf
2016-05-11,41.76226806640625,0.0,0.0,0.0,0.0,inf
2016-05-12,41.326316833496094,0.0,0.0,0.0,0.0,inf
2016-05-13,41.18393325805664,0.0,0.0,0.0,0.0,inf
2016-05-16,41.026031494140625,0.0,0.0,0.0,0.0,inf
2016-05-17,41.182350158691406,0.0,0.0,0.0,0.0,inf
2016-05-18,40.9927978515625,0.0,0.0,0.0,0.0,inf
2016-05-19,40.887001037597656,0.0,0.0,0.0,0.0,inf
2016-05-20,40.95757293701172,0.0,0.0,0.0,0.0,inf
2016-05-23,41.20954132080078,0.0,0.0,0.0,0.0,inf
2016-05-24,41.07012176513672,0.0,0.0,0.0,0.0,inf
2016-05-25,41.84661102294922,0.0,0.0,0.0,0.0,inf
2016-05-26,41.85798645019531,0.0,0.0,0.0,0.0,inf
2016-05-27,41.85066223144531,0.0,0.0,0.0,0.0,inf
2016-05-31,41.94733428955078,0.0,0.0,0.0,0.0,inf
2016-06-01,41.79890441894531,0.0,0.0,0.0,0.0,inf
2016-06-02,41.88157653808594,0.0,0.0,0.0,0.0,inf
2016-06-03,41.968467712402344,0.0,0.0,0.0,0.0,inf
2016-06-06,41.86811065673828,0.0,0.0,0.0,0.0,inf
2016-06-07,41.90542221069336,0.0,0.0,0.0,0.0,inf
2016-06-08,42.18809509277344,0.0,0.0,0.0,0.0,inf
2016-06-09,42.20671463012695,0.0,0.0,0.0,0.0,inf
2016-06-10,42.09403991699219,0.0,0.0,0.0,0.0,inf
2016-06-13,41.87725067138672,0.0,0.0,0.0,0.0,inf
2016-06-14,41.56601333618164,0.0,0.0,0.0,0.0,inf
2016-06-15,41.75570297241211,0.0,0.0,0.0,0.0,inf
2016-06-16,41.51002883911133,0.0,0.0,0.0,0.0,inf
2016-06-17,41.6181640625,0.0,0.0,0.0,0.0,inf
2016-06-20,41.48860549926758,0.0,0.0,0.0,0.0,inf
2016-06-21,41.55284881591797,0.0,0.0,0.0,0.0,inf
2016-06-22,41.76582336425781,0.0,0.0,0.0,0.0,inf
2016-06-23,41.75719451904297,0.0,0.0,0.0,0.0,inf
2016-06-24,42.29583740234375,0.0,0.0,0.0,0.0,inf
2016-06-27,41.269683837890625,0.0,0.0,0.0,0.0,inf
2016-06-28,40.78983688354492,0.0,0.0,0.0,0.0,inf
2016-06-29,41.28586959838867,0.0,0.0,0.0,0.0,inf
2016-06-30,41.94841003417969,0.0,0.0,0.0,0.0,inf
2016-07-01,42.75371551513672,0.0,0.0,0.0,0.0,inf
2016-07-05,42.73774337768555,0.0,0.0,0.0,0.0,inf
2016-07-06,42.49299240112305,0.0,0.0,0.0,0.0,inf
2016-07-07,42.50286865234375,0.0,0.0,0.0,0.0,inf
2016-07-08,42.46502685546875,0.0,0.0,0.0,0.0,inf
2016-07-11,43.14619445800781,0.0,0.0,0.0,0.0,inf
2016-07-12,43.24736785888672,0.0,0.0,0.0,0.0,inf
2016-07-13,43.29018020629883,0.0,0.0,0.0,0.0,inf
2016-07-14,43.18854522705078,0.0,0.0,0.0,0.0,inf
2016-07-15,43.088470458984375,0.0,0.0,0.0,0.0,inf
2016-07-18,43.19312286376953,0.0,0.0,0.0,0.0,inf
2016-07-19,43.17445373535156,0.0,0.0,0.0,0.0,inf
2016-07-20,43.2615966796875,0.0,0.0,0.0,0.0,inf
2016-07-21,43.0298957824707,0.0,0.0,0.0,0.0,inf
2016-07-22,43.121482849121094,0.0,0.0,0.0,0.0,inf
2016-07-25,43.33069610595703,0.0,0.0,0.0,0.0,inf
2016-07-26,43.3405876159668,0.0,0.0,0.0,0.0,inf
2016-07-27,43.3367919921875,0.0,0.0,0.0,0.0,inf
2016-07-28,42.9468879699707,0.0,0.0,0.0,0.0,inf
2016-07-29,43.08887481689453,0.0,0.0,0.0,0.0,inf
2016-08-01,42.796470642089844,0.0,0.0,0.0,0.0,inf
2016-08-02,42.83338928222656,0.0,0.0,0.0,0.0,inf
2016-08-03,42.922943115234375,0.0,0.0,0.0,0.0,inf
2016-08-04,43.11994552612305,0.0,0.0,0.0,0.0,inf
2016-08-05,43.04872131347656,0.0,0.0,0.0,0.0,inf
2016-08-08,43.50089645385742,0.0,0.0,0.0,0.0,inf
2016-08-09,43.29309844970703,0.0,0.0,0.0,0.0,inf
2016-08-10,43.27168273925781,0.0,0.0,0.0,0.0,inf
2016-08-11,43.164634704589844,0.0,0.0,0.0,0.0,inf
2016-08-12,43.38104248046875,0.0,0.0,0.0,0.0,inf
2016-08-15,43.31732940673828,0.0,0.0,0.0,0.0,inf
2016-08-16,43.39868927001953,0.0,0.0,0.0,0.0,inf
2016-08-17,43.02187728881836,0.0,0.0,0.0,0.0,inf
2016-08-18,43.27294158935547,0.0,0.0,0.0,0.0,inf
2016-08-19,43.30527114868164,0.0,0.0,0.0,0.0,inf
2016-08-22,43.159950256347656,0.0,0.0,0.0,0.0,inf
2016-08-23,43.200653076171875,0.0,0.0,0.0,0.0,inf
2016-08-24,43.28731918334961,0.0,0.0,0.0,0.0,inf
2016-08-25,43.144020080566406,0.0,0.0,0.0,0.0,inf
2016-08-26,42.944923400878906,0.0,0.0,0.0,0.0,inf
2016-08-29,42.674217224121094,0.0,0.0,0.0,0.0,inf
2016-08-30,42.788963317871094,0.0,0.0,0.0,0.0,inf
2016-08-31,42.544960021972656,0.0,0.0,0.0,0.0,inf
2016-09-01,42.47952651977539,0.0,0.0,0.0,0.0,inf
2016-09-02,42.608192443847656,0.0,0.0,0.0,0.0,inf
2016-09-06,42.97895812988281,0.0,0.0,0.0,0.0,inf
2016-09-07,43.29768371582031,0.0,0.0,0.0,0.0,inf
2016-09-08,43.270057678222656,0.0,0.0,0.0,0.0,inf
2016-09-09,43.13869857788086,0.0,0.0,0.0,0.0,inf
2016-09-12,42.38446044921875,0.0,0.0,0.0,0.0,inf
2016-09-13,42.86521530151367,0.0,0.0,0.0,0.0,inf
2016-09-14,42.33763122558594,0.0,0.0,0.0,0.0,inf
2016-09-15,42.419586181640625,0.0,0.0,0.0,0.0,inf
2016-09-16,42.862083435058594,0.0,0.0,0.0,0.0,inf
2016-09-19,42.57549285888672,0.0,0.0,0.0,0.0,inf
2016-09-20,42.59694290161133,0.0,0.0,0.0,0.0,inf
2016-09-21,42.288726806640625,0.0,0.0,0.0,0.0,inf
2016-09-22,42.60187911987305,0.0,0.0,0.0,0.0,inf
2016-09-23,42.78974151611328,0.0,0.0,0.0,0.0,inf
2016-09-26,42.759403228759766,0.0,0.0,0.0,0.0,inf
2016-09-27,42.70780944824219,0.0,0.0,0.0,0.0,inf
2016-09-28,43.0396728515625,0.0,0.0,0.0,0.0,inf
2016-09-29,43.23976135253906,0.0,0.0,0.0,0.0,inf
2016-09-30,43.256248474121094,0.0,0.0,0.0,0.0,inf
2016-10-03,43.36130142211914,0.0,0.0,0.0,0.0,inf
2016-10-04,43.402931213378906,0.0,0.0,0.0,0.0,inf
2016-10-05,43.18592834472656,0.0,0.0,0.0,0.0,inf
2016-10-06,43.2288703918457,0.0,0.0,0.0,0.0,inf
2016-10-07,43.28218460083008,0.0,0.0,0.0,0.0,inf
2016-10-10,42.94310760498047,0.0,0.0,0.0,0.0,inf
2016-10-11,43.152469635009766,0.0,0.0,0.0,0.0,inf
2016-10-12,42.695796966552734,0.0,0.0,0.0,0.0,inf
2016-10-13,42.547637939453125,0.0,0.0,0.0,0.0,inf
2016-10-14,42.51344299316406,0.0,0.0,0.0,0.0,inf
2016-10-17,42.36221694946289,0.0,0.0,0.0,0.0,inf
2016-10-18,42.433921813964844,0.0,0.0,0.0,0.0,inf
2016-10-19,42.794891357421875,0.0,0.0,0.0,0.0,inf
2016-10-20,43.13215255737305,0.0,0.0,0.0,0.0,inf
2016-10-21,43.00460433959961,0.0,0.0,0.0,0.0,inf
2016-10-24,42.92662048339844,0.0,0.0,0.0,0.0,inf
2016-10-25,43.050376892089844,0.0,0.0,0.0,0.0,inf
2016-10-26,43.22742462158203,0.0,0.0,0.0,0.0,inf
2016-10-27,42.83916473388672,0.0,0.0,0.0,0.0,inf
2016-10-28,42.525001525878906,0.0,0.0,0.0,0.0,inf
2016-10-31,43.043575286865234,0.0,0.0,0.0,0.0,inf
2016-11-01,42.931480407714844,0.0,0.0,0.0,0.0,inf
2016-11-02,42.78419494628906,0.0,0.0,0.0,0.0,inf
2016-11-03,42.269874572753906,0.0,0.0,0.0,0.0,inf
2016-11-04,41.870361328125,0.0,0.0,0.0,0.0,inf
2016-11-07,41.45714569091797,0.0,0.0,0.0,0.0,inf
2016-11-08,42.26917266845703,0.0,0.0,0.0,0.0,inf
2016-11-09,42.682159423828125,0.0,0.0,0.0,0.0,inf
2016-11-10,43.479454040527344,0.0,0.0,0.0,0.0,inf
2016-11-11,43.439720153808594,0.0,0.0,0.0,0.0,inf
2016-11-14,43.40388488769531,0.0,0.0,0.0,0.0,inf
2016-11-15,43.381126403808594,0.0,0.0,0.0,0.0,inf
2016-11-16,43.55787658691406,0.0,0.0,0.0,0.0,inf
2016-11-17,43.70116424560547,0.0,0.0,0.0,0.0,inf
2016-11-18,44.02543640136719,0.0,0.0,0.0,0.0,inf
2016-11-21,43.77191925048828,0.0,0.0,0.0,0.0,inf
2016-11-22,44.20206069946289,0.0,0.0,0.0,0.0,inf
2016-11-23,44.62627410888672,0.0,0.0,0.0,0.0,inf
2016-11-25,44.37356948852539,0.0,0.0,0.0,0.0,inf
2016-11-28,44.5025634765625,0.0,0.0,0.0,0.0,inf
2016-11-29,44.37519073486328,0.0,0.0,0.0,0.0,inf
2016-11-30,44.337677001953125,0.0,0.0,0.0,0.0,inf
2016-12-01,44.160797119140625,0.0,0.0,0.0,0.0,inf
2016-12-02,43.53904342651367,0.0,0.0,0.0,0.0,inf
2016-12-05,43.77157974243164,0.0,0.0,0.0,0.0,inf
2016-12-06,43.923065185546875,0.0,0.0,0.0,0.0,inf
2016-12-07,43.852115631103516,0.0,0.0,0.0,0.0,inf
2016-12-08,44.26329803466797,0.0,0.0,0.0,0.0,inf
2016-12-09,44.235103607177734,0.0,0.0,0.0,0.0,inf
2016-12-12,44.33220672607422,0.0,0.0,0.0,0.0,inf
2016-12-13,44.21353530883789,0.0,0.0,0.0,0.0,inf
2016-12-14,44.28783416748047,0.0,0.0,0.0,0.0,inf
2016-12-15,43.90912628173828,0.0,0.0,0.0,0.0,inf
2016-12-16,44.098304748535156,0.0,0.0,0.0,0.0,inf
2016-12-19,43.879722595214844,0.0,0.0,0.0,0.0,inf
2016-12-20,43.82086181640625,0.0,0.0,0.0,0.0,inf
2016-12-21,43.96753692626953,0.0,0.0,0.0,0.0,inf
2016-12-22,44.1156120300293,0.0,0.0,0.0,0.0,inf
2016-12-23,43.90534591674805,0.0,0.0,0.0,0.0,inf
2016-12-27,43.97746276855469,0.0,0.0,0.0,0.0,inf
2016-12-28,44.07802200317383,0.0,0.0,0.0,0.0,inf
2016-12-29,43.74778366088867,0.0,0.0,0.0,0.0,inf
2016-12-30,43.839603424072266,0.0,0.0,0.0,0.0,inf
2017-01-03,43.46996307373047,0.0,0.0,0.0,0.0,inf
2017-01-04,43.79205322265625,0.0,0.0,0.0,0.0,inf
2017-01-05,43.94510269165039,0.0,0.0,0.0,0.0,inf
2017-01-06,44.062843322753906,0.0,0.0,0.0,0.0,inf
2017-01-09,43.933815002441406,0.0,0.0,0.0,0.0,inf
2017-01-10,44.2049674987793,0.0,0.0,0.0,0.0,inf
2017-01-11,44.331356048583984,0.0,0.0,0.0,0.0,inf
2017-01-12,44.47997283935547,0.0,0.0,0.0,0.0,inf
2017-01-13,44.484432220458984,0.0,0.0,0.0,0.0,inf
2017-01-17,44.56129455566406,0.0,0.0,0.0,0.0,inf
2017-01-18,44.47217559814453,0.0,0.0,0.0,0.0,inf
2017-01-19,44.63682556152344,0.0,0.0,0.0,0.0,inf
2017-01-20,44.48870849609375,0.0,0.0,0.0,0.0,inf
2017-01-23,44.50394058227539,0.0,0.0,0.0,0.0,inf
2017-01-24,43.9081916809082,0.0,0.0,0.0,0.0,inf
2017-01-25,44.164546966552734,0.0,0.0,0.0,0.0,inf
2017-01-26,44.47639083862305,0.0,0.0,0.0,0.0,inf
2017-01-27,44.34063720703125,0.0,0.0,0.0,0.0,inf
2017-01-30,44.36438751220703,0.0,0.0,0.0,0.0,inf
2017-01-31,44.312015533447266,0.0,0.0,0.0,0.0,inf
2017-02-01,44.09013748168945,0.0,0.0,0.0,0.0,inf
2017-02-02,43.834877014160156,0.0,0.0,0.0,0.0,inf
2017-02-03,44.025665283203125,0.0,0.0,0.0,0.0,inf
2017-02-06,44.13794708251953,0.0,0.0,0.0,0.0,inf
2017-02-07,44.00079345703125,0.0,0.0,0.0,0.0,inf
2017-02-08,44.03968048095703,0.0,0.0,0.0,0.0,inf
2017-02-09,44.343170166015625,0.0,0.0,0.0,0.0,inf
2017-02-10,44.3693733215332,0.0,0.0,0.0,0.0,inf
2017-02-13,44.519989013671875,0.0,0.0,0.0,0.0,inf
2017-02-14,44.61758041381836,0.0,0.0,0.0,0.0,inf
2017-02-15,44.6706428527832,0.0,0.0,0.0,0.0,inf
2017-02-16,45.16358947753906,0.0,0.0,0.0,0.0,inf
2017-02-17,45.152130126953125,0.0,0.0,0.0,0.0,inf
2017-02-21,45.16156768798828,0.0,0.0,0.0,0.0,inf
2017-02-22,45.363975524902344,0.0,0.0,0.0,0.0,inf
2017-02-23,45.29191589355469,0.0,0.0,0.0,0.0,inf
2017-02-24,45.182411193847656,0.0,0.0,0.0,0.0,inf
2017-02-27,45.317752838134766,0.0,0.0,0.0,0.0,inf
2017-02-28,45.614585876464844,0.0,0.0,0.0,0.0,inf
2017-03-01,45.862831115722656,0.0,0.0,0.0,0.0,inf
2017-03-02,46.087196350097656,0.0,0.0,0.0,0.0,inf
2017-03-03,45.89112854003906,0.0,0.0,0.0,0.0,inf
2017-03-06,46.0985107421875,0.0,0.0,0.0,0.0,inf
2017-03-07,45.97126007080078,0.0,0.0,0.0,0.0,inf
2017-03-08,45.806583404541016,0.0,0.0,0.0,0.0,inf
2017-03-09,45.83698272705078,0.0,0.0,0.0,0.0,inf
2017-03-10,45.85224914550781,0.0,0.0,0.0,0.0,inf
2017-03-13,46.21595764160156,0.0,0.0,0.0,0.0,inf
2017-03-14,46.38153839111328,0.0,0.0,0.0,0.0,inf
2017-03-15,46.29139709472656,0.0,0.0,0.0,0.0,inf
2017-03-16,46.44855880737305,0.0,0.0,0.0,0.0,inf
2017-03-17,46.34516143798828,0.0,0.0,0.0,0.0,inf
2017-03-20,46.255916595458984,0.0,0.0,0.0,0.0,inf
2017-03-21,46.15326690673828,0.0,0.0,0.0,0.0,inf
2017-03-22,45.75724411010742,0.0,0.0,0.0,0.0,inf
2017-03-23,45.795928955078125,0.0,0.0,0.0,0.0,inf
2017-03-24,45.76054000854492,0.0,0.0,0.0,0.0,inf
2017-03-27,45.956356048583984,0.0,0.0,0.0,0.0,inf
2017-03-28,46.14759063720703,0.0,0.0,0.0,0.0,inf
2017-03-29,46.43552017211914,0.0,0.0,0.0,0.0,inf
2017-03-30,46.43964385986328,0.0,0.0,0.0,0.0,inf
2017-03-31,46.63325881958008,0.0,0.0,0.0,0.0,inf
2017-04-03,46.45085906982422,0.0,0.0,0.0,0.0,inf
2017-04-04,46.41444396972656,0.0,0.0,0.0,0.0,inf
2017-04-05,46.19662857055664,0.0,0.0,0.0,0.0,inf
2017-04-06,45.839927673339844,0.0,0.0,0.0,0.0,inf
2017-04-07,45.73225784301758,0.0,0.0,0.0,0.0,inf
2017-04-10,45.6755256652832,0.0,0.0,0.0,0.0,inf
2017-04-11,45.5628662109375,0.0,0.0,0.0,0.0,inf
2017-04-12,45.83940505981445,0.0,0.0,0.0,0.0,inf
2017-04-13,45.790775299072266,0.0,0.0,0.0,0.0,inf
2017-04-17,45.816654205322266,0.0,0.0,0.0,0.0,inf
2017-04-18,45.83347702026367,0.0,0.0,0.0,0.0,inf
2017-04-19,45.744606018066406,0.0,0.0,0.0,0.0,inf
2017-04-20,45.789520263671875,0.0,0.0,0.0,0.0,inf
2017-04-21,45.63555145263672,0.0,0.0,0.0,0.0,inf
2017-04-24,45.68003845214844,0.0,0.0,0.0,0.0,inf
2017-04-25,46.1678352355957,0.0,0.0,0.0,0.0,inf
2017-04-26,45.89801025390625,0.0,0.0,0.0,0.0,inf
2017-04-27,45.7161750793457,0.0,0.0,0.0,0.0,inf
2017-04-28,45.88096237182617,0.0,0.0,0.0,0.0,inf
2017-05-01,45.80021667480469,0.0,0.0,0.0,0.0,inf
2017-05-02,45.619014739990234,0.0,0.0,0.0,0.0,inf
2017-05-03,45.745445251464844,0.0,0.0,0.0,0.0,inf
2017-05-04,45.73204040527344,0.0,0.0,0.0,0.0,inf
2017-05-05,45.8997917175293,0.0,0.0,0.0,0.0,inf
2017-05-08,45.967838287353516,0.0,0.0,0.0,0.0,inf
2017-05-09,45.83770751953125,0.0,0.0,0.0,0.0,inf
2017-05-10,45.9171142578125,0.0,0.0,0.0,0.0,inf
2017-05-11,45.81800079345703,0.0,0.0,0.0,0.0,inf
2017-05-12,45.54130172729492,0.0,0.0,0.0,0.0,inf
2017-05-15,45.33024215698242,0.0,0.0,0.0,0.0,inf
2017-05-16,45.74134826660156,0.0,0.0,0.0,0.0,inf
2017-05-17,45.756439208984375,0.0,0.0,0.0,0.0,inf
2017-05-18,45.0010986328125,0.0,0.0,0.0,0.0,inf
2017-05-19,45.141380310058594,0.0,0.0,0.0,0.0,inf
2017-05-22,45.86726760864258,0.0,0.0,0.0,0.0,inf
2017-05-23,46.33366394042969,0.0,0.0,0.0,0.0,inf
2017-05-24,45.82737350463867,0.0,0.0,0.0,0.0,inf
2017-05-25,46.017120361328125,0.0,0.0,0.0,0.0,inf
2017-05-26,46.381370544433594,0.0,0.0,0.0,0.0,inf
2017-05-30,46.134700775146484,0.0,0.0,0.0,0.0,inf
2017-05-31,45.99543762207031,0.0,0.0,0.0,0.0,inf
2017-06-01,46.123538970947266,0.0,0.0,0.0,0.0,inf
2017-06-02,46.542320251464844,0.0,0.0,0.0,0.0,inf
2017-06-05,46.457115173339844,0.0,0.0,0.0,0.0,inf
2017-06-06,46.234619140625,0.0,0.0,0.0,0.0,inf
2017-06-07,45.968040466308594,0.0,0.0,0.0,0.0,inf
2017-06-08,45.824424743652344,0.0,0.0,0.0,0.0,inf
2017-06-09,45.9210319519043,0.0,0.0,0.0,0.0,inf
2017-06-12,45.45659637451172,0.0,0.0,0.0,0.0,inf
2017-06-13,45.65725326538086,0.0,0.0,0.0,0.0,inf
2017-06-14,45.877593994140625,0.0,0.0,0.0,0.0,inf
2017-06-15,46.012603759765625,0.0,0.0,0.0,0.0,inf
2017-06-16,45.68001937866211,0.0,0.0,0.0,0.0,inf
2017-06-19,45.575679779052734,0.0,0.0,0.0,0.0,inf
2017-06-20,46.2520637512207,0.0,0.0,0.0,0.0,inf
2017-06-21,46.19878387451172,0.0,0.0,0.0,0.0,inf
2017-06-22,46.402000427246094,0.0,0.0,0.0,0.0,inf
2017-06-23,46.10291290283203,0.0,0.0,0.0,0.0,inf
2017-06-26,46.0369987487793,0.0,0.0,0.0,0.0,inf
2017-06-27,46.0616455078125,0.0,0.0,0.0,0.0,inf
2017-06-28,45.70003890991211,0.0,0.0,0.0,0.0,inf
2017-06-29,46.005943298339844,0.0,0.0,0.0,0.0,inf
2017-06-30,44.89020538330078,0.0,0.0,0.0,0.0,inf
2017-07-03,45.31275177001953,0.0,0.0,0.0,0.0,inf
2017-07-05,45.138240814208984,0.0,0.0,0.0,0.0,inf
2017-07-06,45.259178161621094,0.0,0.0,0.0,0.0,inf
2017-07-07,45.39653396606445,0.0,0.0,0.0,0.0,inf
2017-07-10,46.130313873291016,0.0,0.0,0.0,0.0,inf
2017-07-11,46.289146423339844,0.0,0.0,0.0,0.0,inf
2017-07-12,46.2711067199707,0.0,0.0,0.0,0.0,inf
2017-07-13,46.66950607299805,0.0,0.0,0.0,0.0,inf
2017-07-14,46.699405670166016,0.0,0.0,0.0,0.0,inf
2017-07-17,46.772789001464844,0.0,0.0,0.0,0.0,inf
2017-07-18,46.4249153137207,0.0,0.0,0.0,0.0,inf
2017-07-19,46.354881286621094,0.0,0.0,0.0,0.0,inf
2017-07-20,46.380706787109375,0.0,0.0,0.0,0.0,inf
2017-07-21,46.25768280029297,0.0,0.0,0.0,0.0,inf
2017-07-24,47.987152099609375,0.0,0.0,0.0,0.0,inf
2017-07-25,48.28416061401367,0.0,0.0,0.0,0.0,inf
2017-07-26,47.894100189208984,0.0,0.0,0.0,0.0,inf
2017-07-27,48.0732536315918,0.0,0.0,0.0,0.0,inf
2017-07-28,47.59206771850586,0.0,0.0,0.0,0.0,inf
2017-07-31,47.68905258178711,0.0,0.0,0.0,0.0,inf
2017-08-01,47.3731803894043,0.0,0.0,0.0,0.0,inf
2017-08-02,47.393646240234375,0.0,0.0,0.0,0.0,inf
2017-08-03,47.849945068359375,0.0,0.0,0.0,0.0,inf
2017-08-04,48.118492126464844,0.0,0.0,0.0,0.0,inf
2017-08-07,47.7545280456543,0.0,0.0,0.0,0.0,inf
2017-08-08,47.95820999145508,0.0,0.0,0.0,0.0,inf
2017-08-09,47.941986083984375,0.0,0.0,0.0,0.0,inf
2017-08-10,46.989234924316406,0.0,0.0,0.0,0.0,inf
2017-08-11,46.21412658691406,0.0,0.0,0.0,0.0,inf
2017-08-14,46.63212585449219,0.0,0.0,0.0,0.0,inf
2017-08-15,46.72406005859375,0.0,0.0,0.0,0.0,inf
2017-08-16,46.43324661254883,0.0,0.0,0.0,0.0,inf
2017-08-17,46.6966552734375,0.0,0.0,0.0,0.0,inf
2017-08-18,46.392372131347656,0.0,0.0,0.0,0.0,inf
2017-08-21,45.76823043823242,0.0,0.0,0.0,0.0,inf
2017-08-22,45.811153411865234,0.0,0.0,0.0,0.0,inf
2017-08-23,46.10881805419922,0.0,0.0,0.0,0.0,inf
2017-08-24,45.78694152832031,0.0,0.0,0.0,0.0,inf
2017-08-25,45.480796813964844,0.0,0.0,0.0,0.0,inf
2017-08-28,45.44833755493164,0.0,0.0,0.0,0.0,inf
2017-08-29,45.22831726074219,0.0,0.0,0.0,0.0,inf
2017-08-30,45.110233306884766,0.0,0.0,0.0,0.0,inf
2017-08-31,45.25756072998047,0.0,0.0,0.0,0.0,inf
2017-09-01,46.171348571777344,0.0,0.0,0.0,0.0,inf
2017-09-05,46.36240768432617,0.0,0.0,0.0,0.0,inf
2017-09-06,45.90315628051758,0.0,0.0,0.0,0.0,inf
2017-09-07,45.81001663208008,0.0,0.0,0.0,0.0,inf
2017-09-08,45.768184661865234,0.0,0.0,0.0,0.0,inf
2017-09-11,46.055397033691406,0.0,0.0,0.0,0.0,inf
2017-09-12,46.59406661987305,0.0,0.0,0.0,0.0,inf
2017-09-13,46.67295837402344,0.0,0.0,0.0,0.0,inf
2017-09-14,46.77948760986328,0.0,0.0,0.0,0.0,inf
2017-09-15,46.53788375854492,0.0,0.0,0.0,0.0,inf
2017-09-18,46.697025299072266,0.0,0.0,0.0,0.0,inf
2017-09-19,47.0180549621582,0.0,0.0,0.0,0.0,inf
2017-09-20,47.40693664550781,0.0,0.0,0.0,0.0,inf
2017-09-21,47.19114685058594,0.0,0.0,0.0,0.0,inf
2017-09-22,47.29904556274414,0.0,0.0,0.0,0.0,inf
2017-09-25,47.55622863769531,0.0,0.0,0.0,0.0,inf
2017-09-26,47.289772033691406,0.0,0.0,0.0,0.0,inf
2017-09-27,47.50896072387695,0.0,0.0,0.0,0.0,inf
2017-09-28,47.63427734375,0.0,0.0,0.0,0.0,inf
2017-09-29,47.96441650390625,0.0,0.0,0.0,0.0,inf
2017-10-02,48.06698226928711,0.0,0.0,0.0,0.0,inf
2017-10-03,47.99676513671875,0.0,0.0,0.0,0.0,inf
2017-10-04,48.39344024658203,0.0,0.0,0.0,0.0,inf
2017-10-05,48.569908142089844,0.0,0.0,0.0,0.0,inf
2017-10-06,48.72737121582031,0.0,0.0,0.0,0.0,inf
2017-10-09,48.794559478759766,0.0,0.0,0.0,0.0,inf
2017-10-10,48.49546432495117,0.0,0.0,0.0,0.0,inf
2017-10-11,48.49251174926758,0.0,0.0,0.0,0.0,inf
2017-10-12,48.69711685180664,0.0,0.0,0.0,0.0,inf
2017-10-13,48.6666259765625,0.0,0.0,0.0,0.0,inf
2017-10-16,48.749671936035156,0.0,0.0,0.0,0.0,inf
2017-10-17,48.83894348144531,0.0,0.0,0.0,0.0,inf
2017-10-18,49.120933532714844,0.0,0.0,0.0,0.0,inf
2017-10-19,49.21197509765625,0.0,0.0,0.0,0.0,inf
2017-10-20,50.31879425048828,0.0,0.0,0.0,0.0,inf
2017-10-23,50.96375274658203,0.0,0.0,0.0,0.0,inf
2017-10-24,50.34058380126953,0.0,0.0,0.0,0.0,inf
2017-10-25,50.34901428222656,0.0,0.0,0.0,0.0,inf
2017-10-26,49.73408126831055,0.0,0.0,0.0,0.0,inf
2017-10-27,49.91249084472656,0.0,0.0,0.0,0.0,inf
2017-10-30,48.93656921386719,0.0,0.0,0.0,0.0,inf
2017-10-31,48.745880126953125,0.0,0.0,0.0,0.0,inf
2017-11-01,49.09080123901367,0.0,0.0,0.0,0.0,inf
2017-11-02,49.08831024169922,0.0,0.0,0.0,0.0,inf
2017-11-03,49.33171081542969,0.0,0.0,0.0,0.0,inf
2017-11-06,49.93748092651367,0.0,0.0,0.0,0.0,inf
2017-11-07,50.07578659057617,0.0,0.0,0.0,0.0,inf
2017-11-08,49.41714096069336,0.0,0.0,0.0,0.0,inf
2017-11-09,49.79022216796875,0.0,0.0,0.0,0.0,inf
2017-11-10,49.995391845703125,0.0,0.0,0.0,0.0,inf
2017-11-13,49.769020080566406,0.0,0.0,0.0,0.0,inf
2017-11-14,49.38890075683594,0.0,0.0,0.0,0.0,inf
2017-11-15,49.784671783447266,0.0,0.0,0.0,0.0,inf
2017-11-16,49.82758712768555,0.0,0.0,0.0,0.0,inf
2017-11-17,49.80742645263672,0.0,0.0,0.0,0.0,inf
2017-11-20,49.781124114990234,0.0,0.0,0.0,0.0,inf
2017-11-21,50.0997428894043,0.0,0.0,0.0,0.0,inf
2017-11-22,50.56753158569336,0.0,0.0,0.0,0.0,inf
2017-11-24,50.82940673828125,0.0,0.0,0.0,0.0,inf
2017-11-27,50.78715133666992,0.0,0.0,0.0,0.0,inf
2017-11-28,50.935245513916016,0.0,0.0,0.0,0.0,inf
2017-11-29,51.2155876159668,0.0,0.0,0.0,0.0,inf
2017-11-30,51.78263473510742,0.0,0.0,0.0,0.0,inf
2017-12-01,52.26639938354492,0.0,0.0,0.0,0.0,inf
2017-12-04,51.976898193359375,0.0,0.0,0.0,0.0,inf
2017-12-05,53.257022857666016,0.0,0.0,0.0,0.0,inf
2017-12-06,53.005393981933594,0.0,0.0,0.0,0.0,inf
2017-12-07,52.570648193359375,0.0,0.0,0.0,0.0,inf
2017-12-08,52.78622055053711,0.0,0.0,0.0,0.0,inf
2017-12-11,53.345794677734375,0.0,0.0,0.0,0.0,inf
2017-12-12,53.34857177734375,0.0,0.0,0.0,0.0,inf
2017-12-13,53.27832794189453,0.0,0.0,0.0,0.0,inf
2017-12-14,53.47236251831055,0.0,0.0,0.0,0.0,inf
2017-12-15,53.272186279296875,0.0,0.0,0.0,0.0,inf
2017-12-18,53.69866943359375,0.0,0.0,0.0,0.0,inf
2017-12-19,54.16725540161133,0.0,0.0,0.0,0.0,inf
2017-12-20,54.408973693847656,0.0,0.0,0.0,0.0,inf
2017-12-21,54.78125,0.0,0.0,0.0,0.0,inf
2017-12-22,55.2626838684082,0.0,0.0,0.0,0.0,inf
2017-12-26,55.225032806396484,0.0,0.0,0.0,0.0,inf
2017-12-27,55.16749954223633,0.0,0.0,0.0,0.0,inf
2017-12-28,55.06291961669922,0.0,0.0,0.0,0.0,inf
2017-12-29,55.10237121582031,0.0,0.0,0.0,0.0,inf
2018-01-02,54.96156311035156,0.0,0.0,0.0,0.0,inf
2018-01-03,55.40998840332031,0.0,0.0,0.0,0.0,inf
2018-01-04,55.64686584472656,0.0,0.0,0.0,0.0,inf
2018-01-05,55.96355056762695,0.0,0.0,0.0,0.0,inf
2018-01-08,56.34730529785156,0.0,0.0,0.0,0.0,inf
2018-01-09,56.52402114868164,0.0,0.0,0.0,0.0,inf
2018-01-10,56.58948516845703,0.0,0.0,0.0,0.0,inf
2018-01-11,56.15947723388672,0.0,0.0,0.0,0.0,inf
2018-01-12,56.91437911987305,0.0,0.0,0.0,0.0,inf
2018-01-16,57.46747589111328,0.0,0.0,0.0,0.0,inf
2018-01-17,57.040977478027344,0.0,0.0,0.0,0.0,inf
2018-01-18,57.586761474609375,0.0,0.0,0.0,0.0,inf
2018-01-19,57.028160095214844,0.0,0.0,0.0,0.0,inf
2018-01-22,57.28877639770508,0.0,0.0,0.0,0.0,inf
2018-01-23,57.646305084228516,0.0,0.0,0.0,0.0,inf
2018-01-24,57.77227783203125,0.0,0.0,0.0,0.0,inf
2018-01-25,57.51919937133789,0.0,0.0,0.0,0.0,inf
2018-01-26,56.440853118896484,0.0,0.0,0.0,0.0,inf
2018-01-29,56.104732513427734,0.0,0.0,0.0,0.0,inf
2018-01-30,54.908790588378906,0.0,0.0,0.0,0.0,inf
2018-01-31,55.51789093017578,0.0,0.0,0.0,0.0,inf
2018-02-01,54.99748992919922,0.0,0.0,0.0,0.0,inf
2018-02-02,55.30888366699219,0.0,0.0,0.0,0.0,inf
2018-02-05,53.378482818603516,0.0,0.0,0.0,0.0,inf
2018-02-06,51.50529479980469,0.0,0.0,0.0,0.0,inf
2018-02-07,52.642913818359375,0.0,0.0,0.0,0.0,inf
2018-02-08,52.16749954223633,0.0,0.0,0.0,0.0,inf
2018-02-09,50.086082458496094,0.0,0.0,0.0,0.0,inf
2018-02-12,50.125770568847656,0.0,0.0,0.0,0.0,inf
2018-02-13,50.61689758300781,0.0,0.0,0.0,0.0,inf
2018-02-14,50.721046447753906,0.0,0.0,0.0,0.0,inf
2018-02-15,51.740814208984375,0.0,0.0,0.0,0.0,inf
2018-02-16,52.74209213256836,0.0,0.0,0.0,0.0,inf
2018-02-20,54.70268630981445,0.0,0.0,0.0,0.0,inf
2018-02-21,54.73712921142578,0.0,0.0,0.0,0.0,inf
2018-02-22,55.056297302246094,0.0,0.0,0.0,0.0,inf
2018-02-23,54.17710494995117,0.0,0.0,0.0,0.0,inf
2018-02-26,54.058204650878906,0.0,0.0,0.0,0.0,inf
2018-02-27,54.10722351074219,0.0,0.0,0.0,0.0,inf
2018-02-28,53.30369567871094,0.0,0.0,0.0,0.0,inf
2018-03-01,52.7718620300293,0.0,0.0,0.0,0.0,inf
2018-03-02,52.88151168823242,0.0,0.0,0.0,0.0,inf
2018-03-05,53.23889923095703,0.0,0.0,0.0,0.0,inf
2018-03-06,53.35878372192383,0.0,0.0,0.0,0.0,inf
2018-03-07,53.711605072021484,0.0,0.0,0.0,0.0,inf
2018-03-08,54.05275344848633,0.0,0.0,0.0,0.0,inf
2018-03-09,54.79899597167969,0.0,0.0,0.0,0.0,inf
2018-03-12,55.92945098876953,0.0,0.0,0.0,0.0,inf
2018-03-13,56.35327911376953,0.0,0.0,0.0,0.0,inf
2018-03-14,56.136329650878906,0.0,0.0,0.0,0.0,inf
2018-03-15,55.69536590576172,0.0,0.0,0.0,0.0,inf
2018-03-16,55.271297454833984,0.0,0.0,0.0,0.0,inf
2018-03-19,55.259315490722656,0.0,0.0,0.0,0.0,inf
2018-03-20,55.23210525512695,0.0,0.0,0.0,0.0,inf
2018-03-21,54.54159164428711,0.0,0.0,0.0,0.0,inf
2018-03-22,54.84785842895508,0.0,0.0,0.0,0.0,inf
2018-03-23,53.616615295410156,0.0,0.0,0.0,0.0,inf
2018-03-26,53.61341857910156,0.0,0.0,0.0,0.0,inf
2018-03-27,54.544185638427734,0.0,0.0,0.0,0.0,inf
2018-03-28,53.91236877441406,0.0,0.0,0.0,0.0,inf
2018-03-29,53.66102600097656,0.0,0.0,0.0,0.0,inf
2018-04-02,53.13609313964844,0.0,0.0,0.0,0.0,inf
2018-04-03,53.33641052246094,0.0,0.0,0.0,0.0,inf
2018-04-04,54.04590606689453,0.0,0.0,0.0,0.0,inf
2018-04-05,55.10017776489258,0.0,0.0,0.0,0.0,inf
2018-04-06,55.5417366027832,0.0,0.0,0.0,0.0,inf
2018-04-09,54.54090881347656,0.0,0.0,0.0,0.0,inf
2018-04-10,54.55921173095703,0.0,0.0,0.0,0.0,inf
2018-04-11,55.12458801269531,0.0,0.0,0.0,0.0,inf
2018-04-12,54.53025436401367,0.0,0.0,0.0,0.0,inf
2018-04-13,54.02366638183594,0.0,0.0,0.0,0.0,inf
2018-04-16,54.39006423950195,0.0,0.0,0.0,0.0,inf
2018-04-17,54.72172546386719,0.0,0.0,0.0,0.0,inf
2018-04-18,55.49190139770508,0.0,0.0,0.0,0.0,inf
2018-04-19,55.203189849853516,0.0,0.0,0.0,0.0,inf
2018-04-20,55.74074172973633,0.0,0.0,0.0,0.0,inf
2018-04-23,55.41686248779297,0.0,0.0,0.0,0.0,inf
2018-04-24,55.70992660522461,0.0,0.0,0.0,0.0,inf
2018-04-25,55.001712799072266,0.0,0.0,0.0,0.0,inf
2018-04-26,55.191219329833984,0.0,0.0,0.0,0.0,inf
2018-04-27,55.737491607666016,0.0,0.0,0.0,0.0,inf
2018-04-30,55.45695495605469,0.0,0.0,0.0,0.0,inf
2018-05-01,54.88945388793945,0.0,0.0,0.0,0.0,inf
2018-05-02,55.06085205078125,0.0,0.0,0.0,0.0,inf
2018-05-03,54.48657989501953,0.0,0.0,0.0,0.0,inf
2018-05-04,54.69071578979492,0.0,0.0,0.0,0.0,inf
2018-05-07,55.613433837890625,0.0,0.0,0.0,0.0,inf
2018-05-08,55.62173080444336,0.0,0.0,0.0,0.0,inf
2018-05-09,55.509033203125,0.0,0.0,0.0,0.0,inf
2018-05-10,56.3015251159668,0.0,0.0,0.0,0.0,inf
2018-05-11,55.50157165527344,0.0,0.0,0.0,0.0,inf
2018-05-14,55.500267028808594,0.0,0.0,0.0,0.0,inf
2018-05-15,55.534095764160156,0.0,0.0,0.0,0.0,inf
2018-05-16,55.43442916870117,0.0,0.0,0.0,0.0,inf
2018-05-17,55.8032341003418,0.0,0.0,0.0,0.0,inf
2018-05-18,55.86870574951172,0.0,0.0,0.0,0.0,inf
2018-05-21,55.37165451049805,0.0,0.0,0.0,0.0,inf
2018-05-22,55.57187271118164,0.0,0.0,0.0,0.0,inf
2018-05-23,55.373294830322266,0.0,0.0,0.0,0.0,inf
2018-05-24,55.57305145263672,0.0,0.0,0.0,0.0,inf
2018-05-25,55.546085357666016,0.0,0.0,0.0,0.0,inf
2018-05-29,55.69516372680664,0.0,0.0,0.0,0.0,inf
2018-05-30,55.20870590209961,0.0,0.0,0.0,0.0,inf
2018-05-31,55.77716064453125,0.0,0.0,0.0,0.0,inf
2018-06-01,55.64275360107422,0.0,0.0,0.0,0.0,inf
2018-06-04,56.10395431518555,0.0,0.0,0.0,0.0,inf
2018-06-05,55.999839782714844,0.0,0.0,0.0,0.0,inf
2018-06-06,56.13068771362305,0.0,0.0,0.0,0.0,inf
2018-06-07,56.52687454223633,0.0,0.0,0.0,0.0,inf
2018-06-08,56.256324768066406,0.0,0.0,0.0,0.0,inf
2018-06-11,56.60189437866211,0.0,0.0,0.0,0.0,inf
2018-06-12,56.37837600708008,0.0,0.0,0.0,0.0,inf
2018-06-13,56.71939468383789,0.0,0.0,0.0,0.0,inf
2018-06-14,55.90766143798828,0.0,0.0,0.0,0.0,inf
2018-06-15,56.01148223876953,0.0,0.0,0.0,0.0,inf
2018-06-18,56.516414642333984,0.0,0.0,0.0,0.0,inf
2018-06-19,56.53380584716797,0.0,0.0,0.0,0.0,inf
2018-06-20,56.284671783447266,0.0,0.0,0.0,0.0,inf
2018-06-21,56.38753890991211,0.0,0.0,0.0,0.0,inf
2018-06-22,55.862178802490234,0.0,0.0,0.0,0.0,inf
2018-06-25,55.322059631347656,0.0,0.0,0.0,0.0,inf
2018-06-26,54.68219757080078,0.0,0.0,0.0,0.0,inf
2018-06-27,54.47206115722656,0.0,0.0,0.0,0.0,inf
2018-06-28,53.963157653808594,0.0,0.0,0.0,0.0,inf
2018-06-29,54.282470703125,0.0,0.0,0.0,0.0,inf
2018-07-02,54.452476501464844,0.0,0.0,0.0,0.0,inf
2018-07-03,54.80744552612305,0.0,0.0,0.0,0.0,inf
2018-07-05,54.7867431640625,0.0,0.0,0.0,0.0,inf
2018-07-06,55.13978576660156,0.0,0.0,0.0,0.0,inf
2018-07-09,55.66160583496094,0.0,0.0,0.0,0.0,inf
2018-07-10,55.790252685546875,0.0,0.0,0.0,0.0,inf
2018-07-11,55.754425048828125,0.0,0.0,0.0,0.0,inf
2018-07-12,55.47676467895508,0.0,0.0,0.0,0.0,inf
2018-07-13,55.76097869873047,0.0,0.0,0.0,0.0,inf
2018-07-16,56.11429214477539,0.0,0.0,0.0,0.0,inf
2018-07-17,55.831600189208984,0.0,0.0,0.0,0.0,inf
2018-07-18,56.66312026977539,0.0,0.0,0.0,0.0,inf
2018-07-19,56.72050094604492,0.0,0.0,0.0,0.0,inf
2018-07-20,56.47178649902344,0.0,0.0,0.0,0.0,inf
2018-07-23,55.22187805175781,0.0,0.0,0.0,0.0,inf
2018-07-24,55.424407958984375,0.0,0.0,0.0,0.0,inf
2018-07-25,55.61363220214844,0.0,0.0,0.0,0.0,inf
2018-07-26,55.612648010253906,0.0,0.0,0.0,0.0,inf
2018-07-27,55.749088287353516,0.0,0.0,0.0,0.0,inf
2018-07-30,55.269962310791016,0.0,0.0,0.0,0.0,inf
2018-07-31,54.335350036621094,0.0,0.0,0.0,0.0,inf
2018-08-01,54.37248992919922,0.0,0.0,0.0,0.0,inf
2018-08-02,54.09043502807617,0.0,0.0,0.0,0.0,inf
2018-08-03,54.24352264404297,0.0,0.0,0.0,0.0,inf
2018-08-06,54.14249038696289,0.0,0.0,0.0,0.0,inf
2018-08-07,54.450096130371094,0.0,0.0,0.0,0.0,inf
2018-08-08,55.00468826293945,0.0,0.0,0.0,0.0,inf
2018-08-09,54.695674896240234,0.0,0.0,0.0,0.0,inf
2018-08-10,54.22077560424805,0.0,0.0,0.0,0.0,inf
2018-08-13,53.63374328613281,0.0,0.0,0.0,0.0,inf
2018-08-14,53.11170959472656,0.0,0.0,0.0,0.0,inf
2018-08-15,53.50498580932617,0.0,0.0,0.0,0.0,inf
2018-08-16,53.2735481262207,0.0,0.0,0.0,0.0,inf
2018-08-17,53.14164352416992,0.0,0.0,0.0,0.0,inf
2018-08-20,53.304588317871094,0.0,0.0,0.0,0.0,inf
2018-08-21,53.626304626464844,0.0,0.0,0.0,0.0,inf
2018-08-22,54.34284591674805,0.0,0.0,0.0,0.0,inf
2018-08-23,54.159088134765625,0.0,0.0,0.0,0.0,inf
2018-08-24,53.85477066040039,0.0,0.0,0.0,0.0,inf
2018-08-27,53.637725830078125,0.0,0.0,0.0,0.0,inf
2018-08-28,54.18075180053711,0.0,0.0,0.0,0.0,inf
2018-08-29,53.845069885253906,0.0,0.0,0.0,0.0,inf
2018-08-30,54.12990188598633,0.0,0.0,0.0,0.0,inf
2018-08-31,54.173858642578125,0.0,0.0,0.0,0.0,inf
2018-09-04,53.910179138183594,0.0,0.0,0.0,0.0,inf
2018-09-05,53.76936340332031,0.0,0.0,0.0,0.0,inf
2018-09-06,53.593597412109375,0.0,0.0,0.0,0.0,inf
2018-09-07,53.62297821044922,0.0,0.0,0.0,0.0,inf
2018-09-10,53.34375762939453,0.0,0.0,0.0,0.0,inf
2018-09-11,53.09613800048828,0.0,0.0,0.0,0.0,inf
2018-09-12,53.33374786376953,0.0,0.0,0.0,0.0,inf
2018-09-13,53.467769622802734,0.0,0.0,0.0,0.0,inf
2018-09-14,53.393226623535156,0.0,0.0,0.0,0.0,inf
2018-09-17,53.512001037597656,0.0,0.0,0.0,0.0,inf
2018-09-18,52.70951843261719,0.0,0.0,0.0,0.0,inf
2018-09-19,53.5036735534668,0.0,0.0,0.0,0.0,inf
2018-09-20,53.32476043701172,0.0,0.0,0.0,0.0,inf
2018-09-21,53.69883728027344,0.0,0.0,0.0,0.0,inf
2018-09-24,53.51355743408203,0.0,0.0,0.0,0.0,inf
2018-09-25,53.87015914916992,0.0,0.0,0.0,0.0,inf
2018-09-26,54.114959716796875,0.0,0.0,0.0,0.0,inf
2018-09-27,54.404640197753906,0.0,0.0,0.0,0.0,inf
2018-09-28,54.55939865112305,0.0,0.0,0.0,0.0,inf
2018-10-01,54.49020767211914,0.0,0.0,0.0,0.0,inf
2018-10-02,54.45125961303711,0.0,0.0,0.0,0.0,inf
2018-10-03,54.237876892089844,0.0,0.0,0.0,0.0,inf
2018-10-04,54.2755241394043,0.0,0.0,0.0,0.0,inf
2018-10-05,53.49379348754883,0.0,0.0,0.0,0.0,inf
2018-10-08,53.33030700683594,0.0,0.0,0.0,0.0,inf
2018-10-09,53.52024459838867,0.0,0.0,0.0,0.0,inf
2018-10-10,53.044822692871094,0.0,0.0,0.0,0.0,inf
2018-10-11,51.99492645263672,0.0,0.0,0.0,0.0,inf
2018-10-12,51.36640167236328,0.0,0.0,0.0,0.0,inf
2018-10-15,51.913002014160156,0.0,0.0,0.0,0.0,inf
2018-10-16,52.01633834838867,0.0,0.0,0.0,0.0,inf
2018-10-17,51.94472885131836,0.0,0.0,0.0,0.0,inf
2018-10-18,51.589080810546875,0.0,0.0,0.0,0.0,inf
2018-10-19,50.90652847290039,0.0,0.0,0.0,0.0,inf
2018-10-22,50.96906661987305,0.0,0.0,0.0,0.0,inf
2018-10-23,51.234275817871094,0.0,0.0,0.0,0.0,inf
2018-10-24,51.403709411621094,0.0,0.0,0.0,0.0,inf
2018-10-25,49.93190383911133,0.0,0.0,0.0,0.0,inf
2018-10-26,51.227813720703125,0.0,0.0,0.0,0.0,inf
2018-10-29,51.943634033203125,0.0,0.0,0.0,0.0,inf
2018-10-30,51.36878967285156,0.0,0.0,0.0,0.0,inf
2018-10-31,52.55820083618164,0.0,0.0,0.0,0.0,inf
2018-11-01,53.14731979370117,0.0,0.0,0.0,0.0,inf
2018-11-02,53.777305603027344,0.0,0.0,0.0,0.0,inf
2018-11-05,53.16997146606445,0.0,0.0,0.0,0.0,inf
2018-11-06,53.671077728271484,0.0,0.0,0.0,0.0,inf
2018-11-07,54.95112228393555,0.0,0.0,0.0,0.0,inf
2018-11-08,55.39596939086914,0.0,0.0,0.0,0.0,inf
2018-11-09,54.87859344482422,0.0,0.0,0.0,0.0,inf
2018-11-12,54.480140686035156,0.0,0.0,0.0,0.0,inf
2018-11-13,53.334476470947266,0.0,0.0,0.0,0.0,inf
2018-11-14,53.55283737182617,0.0,0.0,0.0,0.0,inf
2018-11-15,53.538551330566406,0.0,0.0,0.0,0.0,inf
2018-11-16,53.69083023071289,0.0,0.0,0.0,0.0,inf
2018-11-19,53.48271179199219,0.0,0.0,0.0,0.0,inf
2018-11-20,52.91324996948242,0.0,0.0,0.0,0.0,inf
2018-11-21,52.17546463012695,0.0,0.0,0.0,0.0,inf
2018-11-23,52.5419921875,0.0,0.0,0.0,0.0,inf
2018-11-26,52.276702880859375,0.0,0.0,0.0,0.0,inf
2018-11-27,52.74897384643555,0.0,0.0,0.0,0.0,inf
2018-11-28,52.725032806396484,0.0,0.0,0.0,0.0,inf
2018-11-29,53.48135757446289,0.0,0.0,0.0,0.0,inf
2018-11-30,53.10979080200195,0.0,0.0,0.0,0.0,inf
2018-12-03,53.090553283691406,0.0,0.0,0.0,0.0,inf
2018-12-04,53.694515228271484,0.0,0.0,0.0,0.0,inf
2018-12-06,52.22333526611328,0.0,0.0,0.0,0.0,inf
2018-12-07,52.60452651977539,0.0,0.0,0.0,0.0,inf
2018-12-10,51.89250946044922,0.0,0.0,0.0,0.0,inf
2018-12-11,51.72752380371094,0.0,0.0,0.0,0.0,inf
2018-12-12,51.694271087646484,0.0,0.0,0.0,0.0,inf
2018-12-13,52.155303955078125,0.0,0.0,0.0,0.0,inf
2018-12-14,51.771240234375,0.0,0.0,0.0,0.0,inf
2018-12-17,51.436065673828125,0.0,0.0,0.0,0.0,inf
2018-12-18,50.75962448120117,0.0,0.0,0.0,0.0,inf
2018-12-19,51.19510269165039,0.0,0.0,0.0,0.0,inf
2018-12-20,50.71906280517578,0.0,0.0,0.0,0.0,inf
2018-12-21,50.17676544189453,0.0,0.0,0.0,0.0,inf
2018-12-24,48.76432418823242,0.0,0.0,0.0,0.0,inf
2018-12-26,48.329463958740234,0.0,0.0,0.0,0.0,inf
2018-12-27,50.34267807006836,0.0,0.0,0.0,0.0,inf
2018-12-28,50.74435043334961,0.0,0.0,0.0,0.0,inf
2018-12-31,50.51386642456055,0.0,0.0,0.0,0.0,inf
2019-01-02,50.64150619506836,0.0,0.0,0.0,0.0,inf
2019-01-03,50.861602783203125,0.0,0.0,0.0,0.0,inf
2019-01-04,50.04671096801758,0.0,0.0,0.0,0.0,inf
2019-01-07,51.342529296875,0.0,0.0,0.0,0.0,inf
2019-01-08,51.01797103881836,0.0,0.0,0.0,0.0,inf
2019-01-09,50.825740814208984,0.0,0.0,0.0,0.0,inf
2019-01-10,50.63072204589844,0.0,0.0,0.0,0.0,inf
2019-01-11,50.9206428527832,0.0,0.0,0.0,0.0,inf
2019-01-14,50.76736831665039,0.0,0.0,0.0,0.0,inf
2019-01-15,50.75992202758789,0.0,0.0,0.0,0.0,inf
2019-01-16,51.043601989746094,0.0,0.0,0.0,0.0,inf
2019-01-17,50.74918746948242,0.0,0.0,0.0,0.0,inf
2019-01-18,51.351417541503906,0.0,0.0,0.0,0.0,inf
2019-01-22,51.95610427856445,0.0,0.0,0.0,0.0,inf
2019-01-23,51.260536193847656,0.0,0.0,0.0,0.0,inf
2019-01-24,51.75946044921875,0.0,0.0,0.0,0.0,inf
2019-01-25,52.18766403198242,0.0,0.0,0.0,0.0,inf
2019-01-28,52.27231979370117,0.0,0.0,0.0,0.0,inf
2019-01-29,52.376617431640625,0.0,0.0,0.0,0.0,inf
2019-01-30,52.31188201904297,0.0,0.0,0.0,0.0,inf
2019-01-31,52.85708999633789,0.0,0.0,0.0,0.0,inf
2019-02-01,52.791316986083984,0.0,0.0,0.0,0.0,inf
2019-02-04,53.08932113647461,0.0,0.0,0.0,0.0,inf
2019-02-05,53.642333984375,0.0,0.0,0.0,0.0,inf
2019-02-06,54.36992263793945,0.0,0.0,0.0,0.0,inf
2019-02-07,53.79909896850586,0.0,0.0,0.0,0.0,inf
2019-02-08,53.48234558105469,0.0,0.0,0.0,0.0,inf
2019-02-11,53.524635314941406,0.0,0.0,0.0,0.0,inf
2019-02-12,53.69109344482422,0.0,0.0,0.0,0.0,inf
2019-02-13,54.219425201416016,0.0,0.0,0.0,0.0,inf
2019-02-14,54.78327941894531,0.0,0.0,0.0,0.0,inf
2019-02-15,54.50581359863281,0.0,0.0,0.0,0.0,inf
2019-02-19,55.01866912841797,0.0,0.0,0.0,0.0,inf
2019-02-20,54.87239456176758,0.0,0.0,0.0,0.0,inf
2019-02-21,54.99852752685547,0.0,0.0,0.0,0.0,inf
2019-02-22,54.20009994506836,0.0,0.0,0.0,0.0,inf
2019-02-25,54.308494567871094,0.0,0.0,0.0,0.0,inf
2019-02-26,53.904598236083984,0.0,0.0,0.0,0.0,inf
2019-02-27,54.4684944152832,0.0,0.0,0.0,0.0,inf
2019-02-28,54.46632766723633,0.0,0.0,0.0,0.0,inf
2019-03-01,53.59337615966797,0.0,0.0,0.0,0.0,inf
2019-03-04,54.02517318725586,0.0,0.0,0.0,0.0,inf
2019-03-05,53.56808853149414,0.0,0.0,0.0,0.0,inf
2019-03-06,53.9658317565918,0.0,0.0,0.0,0.0,inf
2019-03-07,53.554012298583984,0.0,0.0,0.0,0.0,inf
2019-03-08,53.00216293334961,0.0,0.0,0.0,0.0,inf
2019-03-11,52.67325210571289,0.0,0.0,0.0,0.0,inf
2019-03-12,52.71464920043945,0.0,0.0,0.0,0.0,inf
2019-03-13,52.70127868652344,0.0,0.0,0.0,0.0,inf
2019-03-14,53.0279426574707,0.0,0.0,0.0,0.0,inf
2019-03-15,52.868980407714844,0.0,0.0,0.0,0.0,inf
2019-03-18,53.21718215942383,0.0,0.0,0.0,0.0,inf
2019-03-19,53.1864128112793,0.0,0.0,0.0,0.0,inf
2019-03-20,53.24760055541992,0.0,0.0,0.0,0.0,inf
2019-03-21,53.110843658447266,0.0,0.0,0.0,0.0,inf
2019-03-22,53.55880355834961,0.0,0.0,0.0,0.0,inf
2019-03-25,52.438560485839844,0.0,0.0,0.0,0.0,inf
2019-03-26,52.69239807128906,0.0,0.0,0.0,0.0,inf
2019-03-27,53.000240325927734,0.0,0.0,0.0,0.0,inf
2019-03-28,52.69998550415039,0.0,0.0,0.0,0.0,inf
2019-03-29,52.78838348388672,0.0,0.0,0.0,0.0,inf
2019-04-01,53.105064392089844,0.0,0.0,0.0,0.0,inf
2019-04-02,53.924476623535156,0.0,0.0,0.0,0.0,inf
2019-04-03,54.0755729675293,0.0,0.0,0.0,0.0,inf
2019-04-04,54.2247200012207,0.0,0.0,0.0,0.0,inf
2019-04-05,54.20623016357422,0.0,0.0,0.0,0.0,inf
2019-04-08,54.27618408203125,0.0,0.0,0.0,0.0,inf
2019-04-09,54.21274948120117,0.0,0.0,0.0,0.0,inf
2019-04-10,53.986881256103516,0.0,0.0,0.0,0.0,inf
2019-04-11,54.14479064941406,0.0,0.0,0.0,0.0,inf
2019-04-12,54.156864166259766,0.0,0.0,0.0,0.0,inf
2019-04-15,54.53910827636719,0.0,0.0,0.0,0.0,inf
2019-04-16,54.5438117980957,0.0,0.0,0.0,0.0,inf
2019-04-17,54.303009033203125,0.0,0.0,0.0,0.0,inf
2019-04-18,54.192684173583984,0.0,0.0,0.0,0.0,inf
2019-04-22,54.10393524169922,0.0,0.0,0.0,0.0,inf
2019-04-23,53.989967346191406,0.0,0.0,0.0,0.0,inf
2019-04-24,54.8332405090332,0.0,0.0,0.0,0.0,inf
2019-04-25,54.801910400390625,0.0,0.0,0.0,0.0,inf
2019-04-26,54.764705657958984,0.0,0.0,0.0,0.0,inf
2019-04-29,54.99352264404297,0.0,0.0,0.0,0.0,inf
2019-04-30,55.08976364135742,0.0,0.0,0.0,0.0,inf
2019-05-01,54.625526428222656,0.0,0.0,0.0,0.0,inf
2019-05-02,54.04574966430664,0.0,0.0,0.0,0.0,inf
2019-05-03,53.77919387817383,0.0,0.0,0.0,0.0,inf
2019-05-06,54.44287109375,0.0,0.0,0.0,0.0,inf
2019-05-07,54.35863494873047,0.0,0.0,0.0,0.0,inf
2019-05-08,53.50437545776367,0.0,0.0,0.0,0.0,inf
2019-05-09,53.49595642089844,0.0,0.0,0.0,0.0,inf
2019-05-10,53.32856750488281,0.0,0.0,0.0,0.0,inf
2019-05-13,53.85593795776367,0.0,0.0,0.0,0.0,inf
2019-05-14,52.58565139770508,0.0,0.0,0.0,0.0,inf
2019-05-15,52.97865676879883,0.0,0.0,0.0,0.0,inf
2019-05-16,53.16868209838867,0.0,0.0,0.0,0.0,inf
2019-05-17,53.60176467895508,0.0,0.0,0.0,0.0,inf
2019-05-20,53.226890563964844,0.0,0.0,0.0,0.0,inf
2019-05-21,52.62066650390625,0.0,0.0,0.0,0.0,inf
2019-05-22,53.28486251831055,0.0,0.0,0.0,0.0,inf
2019-05-23,53.38204574584961,0.0,0.0,0.0,0.0,inf
2019-05-24,52.823707580566406,0.0,0.0,0.0,0.0,inf
2019-05-28,52.792015075683594,0.0,0.0,0.0,0.0,inf
2019-05-29,52.50760269165039,0.0,0.0,0.0,0.0,inf
2019-05-30,52.03809356689453,0.0,0.0,0.0,0.0,inf
2019-05-31,52.06230926513672,0.0,0.0,0.0,0.0,inf
2019-06-03,51.46931838989258,0.0,0.0,0.0,0.0,inf
2019-06-04,50.871402740478516,0.0,0.0,0.0,0.0,inf
2019-06-05,52.01514434814453,0.0,0.0,0.0,0.0,inf
2019-06-06,52.50696563720703,0.0,0.0,0.0,0.0,inf
2019-06-07,52.7325439453125,0.0,0.0,0.0,0.0,inf
2019-06-10,53.326541900634766,0.0,0.0,0.0,0.0,inf
2019-06-11,53.589569091796875,0.0,0.0,0.0,0.0,inf
2019-06-12,53.52594757080078,0.0,0.0,0.0,0.0,inf
2019-06-13,53.4452018737793,0.0,0.0,0.0,0.0,inf
2019-06-14,53.731468200683594,0.0,0.0,0.0,0.0,inf
2019-06-17,53.46500778198242,0.0,0.0,0.0,0.0,inf
2019-06-18,53.75777816772461,0.0,0.0,0.0,0.0,inf
2019-06-19,54.263221740722656,0.0,0.0,0.0,0.0,inf
2019-06-20,54.496795654296875,0.0,0.0,0.0,0.0,inf
2019-06-21,54.92570877075195,0.0,0.0,0.0,0.0,inf
2019-06-24,55.20517349243164,0.0,0.0,0.0,0.0,inf
2019-06-25,54.945831298828125,0.0,0.0,0.0,0.0,inf
2019-06-26,54.27908706665039,0.0,0.0,0.0,0.0,inf
2019-06-27,54.12676239013672,0.0,0.0,0.0,0.0,inf
2019-06-28,54.22100067138672,0.0,0.0,0.0,0.0,inf
2019-07-01,54.49123764038086,0.0,0.0,0.0,0.0,inf
2019-07-02,55.019996643066406,0.0,0.0,0.0,0.0,inf
2019-07-03,55.34703826904297,0.0,0.0,0.0,0.0,inf
2019-07-05,55.81093978881836,0.0,0.0,0.0,0.0,inf
2019-07-08,55.87726974487305,0.0,0.0,0.0,0.0,inf
2019-07-09,55.33646011352539,0.0,0.0,0.0,0.0,inf
2019-07-10,55.42927169799805,0.0,0.0,0.0,0.0,inf
2019-07-11,55.64802932739258,0.0,0.0,0.0,0.0,inf
2019-07-12,55.668460845947266,0.0,0.0,0.0,0.0,inf
2019-07-15,56.084651947021484,0.0,0.0,0.0,0.0,inf
2019-07-16,56.262351989746094,0.0,0.0,0.0,0.0,inf
2019-07-17,56.254608154296875,0.0,0.0,0.0,0.0,inf
2019-07-18,55.806365966796875,0.0,0.0,0.0,0.0,inf
2019-07-19,56.12543487548828,0.0,0.0,0.0,0.0,inf
2019-07-22,55.87110137939453,0.0,0.0,0.0,0.0,inf
2019-07-23,56.17367935180664,0.0,0.0,0.0,0.0,inf
2019-07-24,56.42430114746094,0.0,0.0,0.0,0.0,inf
2019-07-25,56.355072021484375,0.0,0.0,0.0,0.0,inf
2019-07-26,56.060726165771484,0.0,0.0,0.0,0.0,inf
2019-07-29,57.259037017822266,0.0,0.0,0.0,0.0,inf
2019-07-30,56.734981536865234,0.0,0.0,0.0,0.0,inf
2019-07-31,56.564151763916016,0.0,0.0,0.0,0.0,inf
2019-08-01,55.900455474853516,0.0,0.0,0.0,0.0,inf
2019-08-02,55.128684997558594,0.0,0.0,0.0,0.0,inf
2019-08-05,54.5811653137207,0.0,0.0,0.0,0.0,inf
2019-08-06,52.856224060058594,0.0,0.0,0.0,0.0,inf
2019-08-07,53.297767639160156,0.0,0.0,0.0,0.0,inf
2019-08-08,53.499961853027344,0.0,0.0,0.0,0.0,inf
2019-08-09,55.345237731933594,0.0,0.0,0.0,0.0,inf
2019-08-12,54.703670501708984,0.0,0.0,0.0,0.0,inf
2019-08-13,54.18595504760742,0.0,0.0,0.0,0.0,inf
2019-08-14,54.786563873291016,0.0,0.0,0.0,0.0,inf
2019-08-15,53.46931838989258,0.0,0.0,0.0,0.0,inf
2019-08-16,53.933082580566406,0.0,0.0,0.0,0.0,inf
2019-08-19,54.567955017089844,0.0,0.0,0.0,0.0,inf
2019-08-20,55.20614242553711,0.0,0.0,0.0,0.0,inf
2019-08-21,55.067325592041016,0.0,0.0,0.0,0.0,inf
2019-08-22,55.42677307128906,0.0,0.0,0.0,0.0,inf
2019-08-23,55.470611572265625,0.0,0.0,0.0,0.0,inf
2019-08-26,54.38896560668945,0.0,0.0,0.0,0.0,inf
2019-08-27,54.75271987915039,0.0,0.0,0.0,0.0,inf
2019-08-28,54.730690002441406,0.0,0.0,0.0,0.0,inf
2019-08-29,55.33807373046875,0.0,0.0,0.0,0.0,inf
2019-08-30,55.834312438964844,0.0,0.0,0.0,0.0,inf
2019-09-03,56.07137680053711,0.0,0.0,0.0,0.0,inf
2019-09-04,55.52396011352539,0.0,0.0,0.0,0.0,inf
2019-09-05,56.221343994140625,0.0,0.0,0.0,0.0,inf
2019-09-06,57.15373229980469,0.0,0.0,0.0,0.0,inf
2019-09-09,57.05602264404297,0.0,0.0,0.0,0.0,inf
2019-09-10,56.634395599365234,0.0,0.0,0.0,0.0,inf
2019-09-11,57.14870834350586,0.0,0.0,0.0,0.0,inf
2019-09-12,57.35548782348633,0.0,0.0,0.0,0.0,inf
2019-09-13,57.07114791870117,0.0,0.0,0.0,0.0,inf
2019-09-16,57.33481216430664,0.0,0.0,0.0,0.0,inf
2019-09-17,57.722412109375,0.0,0.0,0.0,0.0,inf
2019-09-18,57.811683654785156,0.0,0.0,0.0,0.0,inf
2019-09-19,57.44245529174805,0.0,0.0,0.0,0.0,inf
2019-09-20,57.477943420410156,0.0,0.0,0.0,0.0,inf
2019-09-23,57.394474029541016,0.0,0.0,0.0,0.0,inf
2019-09-24,57.43645095825195,0.0,0.0,0.0,0.0,inf
2019-09-25,56.74671173095703,0.0,0.0,0.0,0.0,inf
2019-09-26,56.854244232177734,0.0,0.0,0.0,0.0,inf
2019-09-27,56.487518310546875,0.0,0.0,0.0,0.0,inf
2019-09-30,55.8056755065918,0.0,0.0,0.0,0.0,inf
2019-10-01,55.99237060546875,0.0,0.0,0.0,0.0,inf
2019-10-02,55.73616027832031,0.0,0.0,0.0,0.0,inf
2019-10-03,54.62665557861328,0.0,0.0,0.0,0.0,inf
2019-10-04,55.13906478881836,0.0,0.0,0.0,0.0,inf
2019-10-07,55.5643424987793,0.0,0.0,0.0,0.0,inf
2019-10-08,55.12950897216797,0.0,0.0,0.0,0.0,inf
2019-10-09,54.58807373046875,0.0,0.0,0.0,0.0,inf
2019-10-10,55.03857421875,0.0,0.0,0.0,0.0,inf
2019-10-11,55.44308090209961,0.0,0.0,0.0,0.0,inf
2019-10-14,56.0161247253418,0.0,0.0,0.0,0.0,inf
2019-10-15,55.87179183959961,0.0,0.0,0.0,0.0,inf
2019-10-16,56.323936462402344,0.0,0.0,0.0,0.0,inf
2019-10-17,56.132232666015625,0.0,0.0,0.0,0.0,inf
2019-10-18,56.28950500488281,0.0,0.0,0.0,0.0,inf
2019-10-21,55.69839859008789,0.0,0.0,0.0,0.0,inf
2019-10-22,56.099952697753906,0.0,0.0,0.0,0.0,inf
2019-10-23,56.32286071777344,0.0,0.0,0.0,0.0,inf
2019-10-24,56.197731018066406,0.0,0.0,0.0,0.0,inf
2019-10-25,56.68313217163086,0.0,0.0,0.0,0.0,inf
2019-10-28,56.85899353027344,0.0,0.0,0.0,0.0,inf
2019-10-29,57.30155944824219,0.0,0.0,0.0,0.0,inf
2019-10-30,57.24700927734375,0.0,0.0,0.0,0.0,inf
2019-10-31,57.57090759277344,0.0,0.0,0.0,0.0,inf
2019-11-01,57.431861877441406,0.0,0.0,0.0,0.0,inf
2019-11-04,57.841426849365234,0.0,0.0,0.0,0.0,inf
2019-11-05,58.33286666870117,0.0,0.0,0.0,0.0,inf
2019-11-06,58.65760040283203,0.0,0.0,0.0,0.0,inf
2019-11-07,58.149078369140625,0.0,0.0,0.0,0.0,inf
2019-11-08,57.11130905151367,0.0,0.0,0.0,0.0,inf
2019-11-11,57.53948974609375,0.0,0.0,0.0,0.0,inf
2019-11-12,57.178741455078125,0.0,0.0,0.0,0.0,inf
2019-11-13,56.96528244018555,0.0,0.0,0.0,0.0,inf
2019-11-14,57.055240631103516,0.0,0.0,0.0,0.0,inf
2019-11-15,56.908470153808594,0.0,0.0,0.0,0.0,inf
2019-11-18,57.57094192504883,0.0,0.0,0.0,0.0,inf
2019-11-19,57.08032989501953,0.0,0.0,0.0,0.0,inf
2019-11-20,57.110347747802734,0.0,0.0,0.0,0.0,inf
2019-11-21,57.17243576049805,0.0,0.0,0.0,0.0,inf
2019-11-22,57.009521484375,0.0,0.0,0.0,0.0,inf
2019-11-25,57.0987663269043,0.0,0.0,0.0,0.0,inf
2019-11-26,57.435203552246094,0.0,0.0,0.0,0.0,inf
2019-11-27,57.367374420166016,0.0,0.0,0.0,0.0,inf
2019-11-29,57.6922492980957,0.0,0.0,0.0,0.0,inf
2019-12-02,57.45493698120117,0.0,0.0,0.0,0.0,inf
2019-12-03,57.1435546875,0.0,0.0,0.0,0.0,inf
2019-12-04,56.91604995727539,0.0,0.0,0.0,0.0,inf
2019-12-05,57.44552993774414,0.0,0.0,0.0,0.0,inf
2019-12-06,57.21232223510742,0.0,0.0,0.0,0.0,inf
2019-12-09,58.058929443359375,0.0,0.0,0.0,0.0,inf
2019-12-10,57.489742279052734,0.0,0.0,0.0,0.0,inf
2019-12-11,57.8090705871582,0.0,0.0,0.0,0.0,inf
2019-12-12,58.066158294677734,0.0,0.0,0.0,0.0,inf
2019-12-13,58.65596008300781,0.0,0.0,0.0,0.0,inf
2019-12-16,58.6920166015625,0.0,0.0,0.0,0.0,inf
2019-12-17,58.79486846923828,0.0,0.0,0.0,0.0,inf
2019-12-18,58.86170959472656,0.0,0.0,0.0,0.0,inf
2019-12-19,58.972808837890625,0.0,0.0,0.0,0.0,inf
2019-12-20,59.28962326049805,0.0,0.0,0.0,0.0,inf
2019-12-23,59.12403869628906,0.0,0.0,0.0,0.0,inf
2019-12-24,59.33040237426758,0.0,0.0,0.0,0.0,inf
2019-12-26,59.35921096801758,0.0,0.0,0.0,0.0,inf
2019-12-27,59.36922073364258,0.0,0.0,0.0,0.0,inf
2019-12-30,59.42369079589844,0.0,0.0,0.0,0.0,inf
2019-12-31,58.97541046142578,0.0,0.0,0.0,0.0,inf
2020-01-02,59.16262435913086,0.0,0.0,0.0,0.0,inf
2020-01-03,59.8935661315918,0.0,0.0,0.0,0.0,inf
2020-01-06,59.7098503112793,0.0,0.0,0.0,0.0,inf
2020-01-07,59.383766174316406,0.0,0.0,0.0,0.0,inf
2020-01-08,59.4110221862793,0.0,0.0,0.0,0.0,inf
2020-01-09,59.60159683227539,0.0,0.0,0.0,0.0,inf
2020-01-10,60.16767883300781,0.0,0.0,0.0,0.0,inf
2020-01-13,59.86619567871094,0.0,0.0,0.0,0.0,inf
2020-01-14,59.967063903808594,0.0,0.0,0.0,0.0,inf
2020-01-15,60.18242645263672,0.0,0.0,0.0,0.0,inf
2020-01-16,60.14326095581055,0.0,0.0,0.0,0.0,inf
2020-01-17,60.41811752319336,0.0,0.0,0.0,0.0,inf
2020-01-21,60.779693603515625,0.0,0.0,0.0,0.0,inf
2020-01-22,59.885616302490234,0.0,0.0,0.0,0.0,inf
2020-01-23,59.7794189453125,0.0,0.0,0.0,0.0,inf
2020-01-24,59.7849235534668,0.0,0.0,0.0,0.0,inf
2020-01-27,59.24840545654297,0.0,0.0,0.0,0.0,inf
2020-01-28,58.47459411621094,0.0,0.0,0.0,0.0,inf
2020-01-29,58.78725814819336,0.0,0.0,0.0,0.0,inf
2020-01-30,58.77908706665039,0.0,0.0,0.0,0.0,inf
2020-01-31,59.08077621459961,0.0,0.0,0.0,0.0,inf
2020-02-03,58.22402572631836,0.0,0.0,0.0,0.0,inf
2020-02-04,58.47160339355469,0.0,0.0,0.0,0.0,inf
2020-02-05,59.157020568847656,0.0,0.0,0.0,0.0,inf
2020-02-06,59.7994270324707,0.0,0.0,0.0,0.0,inf
2020-02-07,59.98087692260742,0.0,0.0,0.0,0.0,inf
2020-02-10,59.50929641723633,0.0,0.0,0.0,0.0,inf
2020-02-11,59.80854797363281,0.0,0.0,0.0,0.0,inf
2020-02-12,60.00633239746094,0.0,0.0,0.0,0.0,inf
2020-02-13,60.30587387084961,0.0,0.0,0.0,0.0,inf
2020-02-14,60.33595275878906,0.0,0.0,0.0,0.0,inf
2020-02-18,60.6784553527832,0.0,0.0,0.0,0.0,inf
2020-02-19,60.49402618408203,0.0,0.0,0.0,0.0,inf
2020-02-20,60.522151947021484,0.0,0.0,0.0,0.0,inf
2020-02-21,60.643856048583984,0.0,0.0,0.0,0.0,inf
2020-02-24,60.11000061035156,0.0,0.0,0.0,0.0,inf
2020-02-25,58.52842712402344,0.0,0.0,0.0,0.0,inf
2020-02-26,56.88530731201172,0.0,0.0,0.0,0.0,inf
2020-02-27,56.5565071105957,0.0,0.0,0.0,0.0,inf
2020-02-28,54.59921646118164,0.0,0.0,0.0,0.0,inf
2020-03-02,54.08649444580078,0.0,0.0,0.0,0.0,inf
2020-03-03,55.945709228515625,0.0,0.0,0.0,0.0,inf
2020-03-04,54.805694580078125,0.0,0.0,0.0,0.0,inf
2020-03-05,56.533546447753906,0.0,0.0,0.0,0.0,inf
2020-03-06,54.6983757019043,0.0,0.0,0.0,0.0,inf
2020-03-09,53.930049896240234,0.0,0.0,0.0,0.0,inf
2020-03-10,50.36582946777344,0.0,0.0,0.0,0.0,inf
2020-03-11,52.324913024902344,0.0,0.0,0.0,0.0,inf
2020-03-12,49.52244567871094,0.0,0.0,0.0,0.0,inf
2020-03-13,45.20039367675781,0.0,0.0,0.0,0.0,inf
2020-03-16,48.36614990234375,0.0,0.0,0.0,0.0,inf
2020-03-17,43.24034881591797,0.0,0.0,0.0,0.0,inf
2020-03-18,45.756317138671875,0.0,0.0,0.0,0.0,inf
2020-03-19,43.467796325683594,40.0,40.0,46.0,45.25,0.03938571655947859
2020-03-20,43.82756805419922,45.0,45.0099983215332,46.0099983215332,45.0,0.026054043240017363
2020-03-23,41.959171295166016,39.97999954223633,42.0,42.0,40.0,0.04897928237915039
2020-03-24,40.94557189941406,39.0,40.0,40.0,40.0,0.02363929748535156
2020-03-25,44.2277946472168,38.0,40.0,44.79999923706055,41.0099983215332,0.07846370293543804
2020-03-26,44.947879791259766,44.25,45.0,47.5,45.0,0.0011582268608940972
2020-03-27,47.19369125366211,44.9900016784668,45.0,47.5,45.23500061035156,0.04330033418552272
2020-03-30,45.72836685180664,44.25,44.25,50.0,50.0,0.08543266296386719
2020-03-31,46.85930252075195,44.77999877929688,46.5,50.0,50.0,0.06281394958496093
2020-04-01,46.279842376708984,44.0,45.9900016784668,48.5,46.70000076293945,0.008996967438251121
2020-04-02,44.45436477661133,43.20000076293945,45.02399826049805,48.65999984741211,44.0,0.010326472195712004
2020-04-03,45.1411018371582,41.79999923706055,43.75,49.29999923706055,47.31999969482422,0.04604602433892956
2020-04-06,44.665382385253906,44.70000076293945,47.0,47.849998474121094,45.93999862670898,0.027745238997765754
2020-04-07,47.64695739746094,42.93000030517578,45.1500015258789,46.9900016784668,44.27999877929688,0.07603791126882951
2020-04-08,47.688289642333984,41.2599983215332,42.209999084472656,45.20000076293945,44.09000015258789,0.08161237190503592
2020-04-09,49.107383728027344,44.0,44.04999923706055,50.25,49.13999938964844,0.000663729385962597
2020-04-13,49.84605407714844,45.72000122070313,48.54999923706055,48.66999816894531,46.0,0.08360987124235733
2020-04-14,49.265499114990234,43.97000122070313,45.90999984741211,46.29999923706055,45.88999938964844,0.07355632534837687
2020-04-15,50.65591049194336,42.79999923706055,44.18999862670898,44.849998474121094,44.54999923706055,0.13705749403926784
2020-04-16,49.63506317138672,43.54999923706055,44.08000183105469,46.40700149536133,45.61999893188477,0.08801105509662197
2020-04-17,49.9404411315918,45.91999816894531,47.0,48.56000137329102,46.1500015258789,0.08213303316116653
2020-04-20,51.2578010559082,44.900001525878906,45.0,46.97999954223633,45.38999938964844,0.12927520919063873
2020-04-21,50.52379608154297,44.5,44.5,47.20000076293945,45.9000015258789,0.10073626148045171
2020-04-22,49.16030502319336,46.0,47.31000137329102,49.54999923706055,47.04999923706055,0.04485240850908575
2020-04-23,50.12867736816406,46.47999954223633,47.43999862670898,48.040000915527344,47.47000122070313,0.056007501139507025
2020-04-24,50.17441940307617,46.31000137329102,48.02000045776367,48.5,47.849998474121094,0.048577241443637745
2020-04-27,50.792232513427734,47.61000061035156,48.08000183105469,48.599998474121094,48.22000122070313,0.05334365880563731
2020-04-28,51.66512680053711,48.6500015258789,49.06999969482422,50.95000076293945,49.86000061035156,0.03620389426571286
2020-04-29,51.63356399536133,49.709999084472656,50.77000045776367,51.72999954223633,51.1500015258789,0.009453811438065642
2020-04-30,52.822940826416016,50.5,50.97000122070313,51.599998474121094,50.90999984741211,0.03757495550456471
2020-05-01,52.26513671875,48.31000137329102,50.33000183105469,50.52999877929688,49.709999084472656,0.05140087872332033
2020-05-04,50.92842102050781,47.5099983215332,48.849998474121094,49.66999816894531,49.52999877929688,0.02823384364377289
2020-05-05,51.08961486816406,47.959999084472656,49.52999877929688,50.63999938964844,48.09000015258789,0.062375019880609256
2020-05-06,51.7876091003418,47.88999938964844,48.61000061035156,49.0,48.31000137329102,0.07198525415429664
2020-05-07,51.49488830566406,48.9900016784668,49.02000045776367,53.290000915527344,51.81000137329102,0.006082089543996936
2020-05-08,52.11669921875,52.11000061035156,52.11999893188477,54.16999816894531,52.95000076293945,0.01573751713281738
2020-05-11,52.869903564453125,51.06000137329102,52.0,52.4000015258789,51.81000137329102,0.02045748239853359
2020-05-12,52.948822021484375,49.68999862670898,52.18999862670898,52.290000915527344,49.72000122070313,0.0649400788718561
2020-05-13,51.846099853515625,47.8849983215332,49.0,50.29999923706055,48.209999084472656,0.07542212897934018
2020-05-14,51.20169448852539,47.22999954223633,47.61000061035156,48.4000015258789,48.0,0.06670196851094563
2020-05-15,51.53171920776367,47.20000076293945,47.31999969482422,49.22000122070313,48.88999938964844,0.05403395072806178
2020-05-18,51.799049377441406,50.11999893188477,50.11999893188477,52.34000015258789,52.13000106811523,0.006348583999478262
2020-05-19,53.45201110839844,51.05500030517578,51.68000030517578,52.928001403808594,52.31000137329102,0.021831575322621075
2020-05-20,53.051544189453125,52.474998474121094,52.54999923706055,54.70000076293945,53.18000030517578,0.0024154967090166445
2020-05-21,53.818336486816406,51.86999893188477,52.36000061035156,53.54999923706055,52.02999877929688,0.034371280981676994
2020-05-22,53.36788558959961,50.91999816894531,52.459999084472656,52.72000122070313,51.709999084472656,0.03206123640456182
2020-05-26,53.63667678833008,50.70000076293945,53.02999877929688,53.9900016784668,50.88999938964844,0.05397283221898296
2020-05-27,54.271766662597656,50.77000045776367,51.59000015258789,52.6500015258789,52.38000106811523,0.036116180906952774
2020-05-28,54.93638229370117,50.93000030517578,52.86999893188477,52.95000076293945,50.959999084472656,0.07802949922815258
2020-05-29,54.923343658447266,50.18000030517578,50.43999862670898,52.86999893188477,52.6500015258789,0.043178386831593106
2020-06-01,55.29293441772461,52.11000061035156,52.45000076293945,54.43999862670898,54.08000183105469,0.022428486420157854
2020-06-02,55.621620178222656,53.290000915527344,54.15999984741211,54.75,54.1500015258789,0.027176705648668427
2020-06-03,55.91536331176758,54.54999923706055,55.0,55.58000183105469,55.47000122070313,0.008028881940933201
2020-06-04,56.731842041015625,54.68999862670898,55.29999923706055,56.65999984741211,55.4000015258789,0.02404044184934879
2020-06-05,56.42794418334961,56.0,57.83000183105469,58.70899963378906,58.56999969482422,0.036572571668698525
2020-06-08,57.642967224121094,58.36000061035156,58.68000030517578,61.31999969482422,61.2599983215332,0.05904393072992796
2020-06-09,58.273353576660156,59.2400016784668,60.4000015258789,61.459999084472656,60.6500015258789,0.039186280122427454
2020-06-10,57.648948669433594,59.02000045776367,60.61000061035156,60.959999084472656,59.02999877929688,0.023395733329197577
2020-06-11,57.34336471557617,55.70500183105469,56.0,58.06999969482422,56.25,0.01943759494357639
2020-06-12,54.336063385009766,55.099998474121094,57.72999954223633,58.97999954223633,56.040000915527344,0.030405737021418532
2020-06-15,54.94685745239258,53.83000183105469,54.5099983215332,57.79999923706055,57.66999816894531,0.04721936540686622
2020-06-16,55.4298095703125,57.375,59.5,59.79999923706055,57.849998474121094,0.04183559148910355
2020-06-17,56.36561965942383,56.459999084472656,58.11999893188477,58.18999862670898,56.7400016784668,0.00659820246683301
2020-06-18,56.31763458251953,56.2400016784668,56.43999862670898,57.68000030517578,57.4900016784668,0.02039253890622832
2020-06-19,56.12472152709961,55.95000076293945,58.959999084472656,58.959999084472656,57.0,0.015355762682462993
2020-06-22,56.0355224609375,56.63999938964844,56.88000106811523,58.18000030517578,57.06000137329102,0.017954414435627175
2020-06-23,56.26716613769531,56.59000015258789,57.68999862670898,57.86999893188477,56.79999923706055,0.009380864551448346
2020-06-24,56.48170852661133,55.25,56.1500015258789,56.97000122070313,55.540000915527344,0.016955484255685542
2020-06-25,55.07796096801758,54.7599983215332,55.04999923706055,56.5,56.20000076293945,0.019965120635047986
2020-06-26,55.56888198852539,54.44200134277344,56.22999954223633,56.47999954223633,55.790000915527344,0.003963415009380504
2020-06-29,54.434593200683594,55.33000183105469,55.88999938964844,56.79999923706055,56.56999969482422,0.03774803792929843
2020-06-30,55.130279541015625,55.5099983215332,55.97000122070313,57.099998474121094,56.86000061035156,0.030420700857696364
2020-07-01,55.85686111450195,55.75,57.0,57.0,55.77999877929688,0.0013779551252625518
2020-07-02,56.23539733886719,55.77000045776367,56.43000030517578,57.2400016784668,56.5,0.004683232940403761
2020-07-06,56.56840133666992,56.43000030517578,57.38000106811523,57.58000183105469,56.86000061035156,0.0051283726794148846
2020-07-07,57.403045654296875,56.11999893188477,56.43000030517578,57.31000137329102,56.81999969482422,0.010261280580854463
2020-07-08,56.877349853515625,56.27000045776367,57.02999877929688,57.1500015258789,56.91999816894531,0.0007492676880119047
2020-07-09,57.27280044555664,56.06999969482422,56.86000061035156,57.93999862670898,56.11000061035156,0.020723575522302824
2020-07-10,57.163909912109375,56.040000915527344,56.22999954223633,57.31000137329102,56.97999954223633,0.0032276302448321996
2020-07-13,57.548397064208984,56.46500015258789,56.56000137329102,57.93999862670898,56.88999938964844,0.011573170708810858
2020-07-14,56.949256896972656,56.02999877929688,56.22000122070313,57.45000076293945,57.36999893188477,0.007333833758854732
2020-07-15,57.64457702636719,57.86000061035156,58.0099983215332,59.0,58.20000076293945,0.009543363046241538
2020-07-16,58.26744842529297,57.65800094604492,58.0,58.56000137329102,58.31999969482422,0.0009010848732208381
2020-07-17,58.07051467895508,58.1500015258789,58.72999954223633,59.02999877929688,58.54999923706055,0.008189317922347096
2020-07-20,58.26668167114258,57.9900016784668,58.41999816894531,59.6500015258789,58.56000137329102,0.005008874577694708
2020-07-21,58.8855094909668,58.099998474121094,58.38000106811523,58.93999862670898,58.43999862670898,0.007623389369044349
2020-07-22,58.88583755493164,57.68000030517578,57.959999084472656,58.93000030517578,58.47999954223633,0.006939774553216299
2020-07-23,59.32225799560547,58.34000015258789,58.5,59.46799850463867,59.06000137329102,0.004440511618969375
2020-07-24,58.759098052978516,57.63000106811523,59.18000030517578,59.19499969482422,58.13000106811523,0.010822242788644177
2020-07-27,58.51967239379883,57.599998474121094,57.86000061035156,58.43999862670898,58.31999969482422,0.0034237431416229915
2020-07-28,59.15898513793945,59.70000076293945,59.81999969482422,61.83000183105469,60.27999877929688,0.01859677611245142
2020-07-29,58.551387786865234,60.959999084472656,60.959999084472656,64.36000061035156,64.30000305175781,0.08940303253586586
2020-07-30,59.35745620727539,63.1500015258789,63.43999862670898,64.51999664306639,63.38999938964844,0.06361481655151364
2020-07-31,59.33534622192383,62.18000030517578,63.43999862670898,63.43999862670898,62.7400016784668,0.05426610400795529
2020-08-03,59.403053283691406,62.7400016784668,63.02000045776367,63.81999969482422,63.209999084472656,0.060226955480472626
2020-08-04,59.51839828491211,61.97000122070313,62.58000183105469,62.9000015258789,62.61000061035156,0.049378730159735956
2020-08-05,59.60176467895508,62.34000015258789,62.7400016784668,63.6500015258789,63.09000015258789,0.055289831434399334
2020-08-06,59.911319732666016,62.8650016784668,62.88999938964844,63.52000045776367,63.47999954223633,0.056217388709902186
2020-08-07,60.01313781738281,63.15999984741211,63.15999984741211,64.47000122070311,64.41000366210939,0.0682637105222388
2020-08-10,60.035865783691406,64.29000091552734,64.29000091552734,65.30000305175781,65.20999908447266,0.07934570423898807
2020-08-11,60.027069091796875,64.33000183105469,65.51999664306639,65.94999694824219,64.37000274658203,0.06746828444116791
2020-08-12,59.703609466552734,64.22000122070311,64.97000122070311,65.47000122070311,64.90000152587889,0.08006767237523246
2020-08-13,60.42308807373047,63.83000183105469,64.95999908447266,64.95999908447266,64.0,0.055889248847961426
2020-08-14,60.3887825012207,63.599998474121094,63.709999084472656,64.51000213623047,64.06999969482422,0.05745617623127437
2020-08-17,60.32533645629883,63.709999084472656,64.45999908447266,64.52999877929689,63.959999084472656,0.05682712132896516
2020-08-18,60.61494064331055,63.375,63.849998474121094,64.40000152587889,63.45000076293945,0.04468179803844602
2020-08-19,60.87514877319336,62.59000015258789,63.47999954223633,63.59000015258789,62.91999816894531,0.03249919668245009
2020-08-20,60.57278060913086,61.81000137329102,62.15999984741211,63.25,62.97000122070313,0.03806924829444215
2020-08-21,60.49551010131836,62.59000015258789,63.02999877929688,63.7400016784668,63.63000106811523,0.0492612119154521
2020-08-24,60.462467193603516,63.040000915527344,63.61000061035156,64.23000335693361,63.79999923706055,0.05231241509981562
2020-08-25,60.88616943359375,63.90499877929688,64.41000366210939,64.80999755859375,64.29000091552734,0.05294495930099605
2020-08-26,61.21876907348633,63.74800109863281,64.27999877929689,64.79000091552734,64.18000030517578,0.04613947051431605
2020-08-27,61.651309967041016,63.16999816894531,64.47000122070311,64.90499877929689,63.22999954223633,0.024967413990581805
2020-08-28,61.678890228271484,62.6500015258789,63.27000045776367,63.63000106811523,63.59000015258789,0.030053623521474875
2020-08-31,62.08406448364258,62.84000015258789,63.61000061035156,63.84000015258789,62.9000015258789,0.012971971739946948
2020-09-01,61.924224853515625,62.32500076293945,62.52000045776367,64.27999877929689,64.05000305175781,0.03318935358245618
2020-09-02,62.039085388183594,63.6500015258789,63.72999954223633,65.55999755859375,65.33999633789061,0.05051899502162692
2020-09-03,63.32154083251953,61.06000137329102,64.87999725341797,65.44999694824219,61.849998474121094,0.023792116325017397
2020-09-04,61.351993560791016,60.43000030517578,62.5,62.599998474121094,61.4900016784668,0.0022443993154761996
2020-09-08,60.61813735961914,60.459999084472656,61.43000030517578,61.75,60.63000106811523,0.00019567389554815071
2020-09-09,59.343971252441406,61.0,61.02999877929688,62.52999877929688,62.08000183105469,0.04407265621639558
2020-09-10,60.202457427978516,59.72999954223633,61.97999954223633,61.97999954223633,59.9000015258789,0.005049347151835129
2020-09-11,59.229854583740234,59.7750015258789,60.2599983215332,60.709999084472656,60.13999938964844,0.015133768126789527
2020-09-14,59.286659240722656,59.06700134277344,60.56999969482422,60.56999969482422,59.9900016784668,0.011724327689035604
2020-09-15,60.067081451416016,60.02999877929688,60.02999877929688,61.61999893188477,60.29999923706055,0.003862649893723039
2020-09-16,60.40572738647461,59.4000015258789,60.86000061035156,61.0099983215332,59.790000915527344,0.01029815122125818
2020-09-17,60.35946273803711,58.040000915527344,58.75,61.09000015258789,61.040000915527344,0.011149052543954324
2020-09-18,59.83509826660156,60.38999938964844,61.15999984741211,62.63999938964844,60.88000106811523,0.01716331772636767
2020-09-21,59.10066604614258,58.66999816894531,60.0,60.22000122070313,59.40999984741211,0.0052067632059252696
2020-09-22,58.27604675292969,58.86000061035156,58.93999862670898,61.11999893188477,60.9900016784668,0.04449835794143455
2020-09-23,59.00347900390625,60.20000076293945,60.77000045776367,61.77000045776367,60.40999984741211,0.023282914203915744
2020-09-24,57.675498962402344,60.459999084472656,60.849998474121094,62.75,62.08000183105469,0.07094881988951635
2020-09-25,57.84737777709961,61.18999862670898,61.61000061035156,62.349998474121094,61.54999923706055,0.06015632016013919
2020-09-28,58.62249755859375,61.9000015258789,62.27000045776367,62.88000106811523,62.5099983215332,0.062190063467019836
2020-09-29,59.622642517089844,61.88000106811523,62.41999816894531,62.7599983215332,62.40999984741211,0.04466203071842895
2020-09-30,59.34330749511719,61.95000076293945,62.709999084472656,63.599998474121094,62.41999816894531,0.04929014360911685
2020-10-01,59.69237518310547,61.7599983215332,62.86999893188477,64.22000122070311,62.36999893188477,0.042931277771923286
2020-10-02,60.18788146972656,61.5099983215332,61.61999893188477,63.43999862670898,63.15999984741211,0.04705697252795869
2020-10-05,59.72971725463867,63.23500061035156,63.7400016784668,64.62999725341797,64.54000091552734,0.07453181891311983
2020-10-06,60.64725112915039,63.48500061035156,64.43000030517578,65.0,63.83000183105469,0.04986292668968434
2020-10-07,59.826377868652344,64.375,64.62999725341797,65.62000274658203,65.05000305175781,0.08030169005448361
2020-10-08,60.635108947753906,64.48000335693361,64.79000091552734,65.51000213623047,64.70999908447266,0.06297156844955869
2020-10-09,61.34023666381836,64.30000305175781,65.01999664306639,65.66999816894531,65.34999847412111,0.06135825407693976
2020-10-12,61.79826736450195,65.16999816894531,65.84999847412111,65.98500061035156,65.69000244140625,0.059243947819542585
2020-10-13,62.64778518676758,64.61599731445311,65.16000366210939,65.80000305175781,65.12999725341797,0.03811165624638693
2020-10-14,62.47827911376953,64.52999877929689,65.5,66.0,65.61000061035156,0.04773238023850782
2020-10-15,62.14927291870117,64.01000213623047,64.66999816894531,65.43499755859375,65.19999694824219,0.046790248041925164
2020-10-16,62.126007080078125,64.80999755859375,65.30000305175781,65.80999755859375,65.02999877929689,0.04465618566401213
2020-10-19,62.06153869628906,64.08000183105469,64.90000152587889,65.44000244140625,64.36000061035156,0.0357125837828662
2020-10-20,61.106842041015625,64.33999633789061,64.68000030517578,65.73999786376953,64.38999938964844,0.0509886221424724
2020-10-21,61.47084426879883,63.709999084472656,64.25,64.83000183105469,63.72000122070313,0.03529750327709559
2020-10-22,61.377586364746094,62.97999954223633,63.9900016784668,63.9900016784668,63.2400016784668,0.02944995674082746
2020-10-23,61.51517868041992,63.11999893188477,63.47000122070313,64.01999664306639,63.45000076293945,0.030493649476039764
2020-10-26,61.923248291015625,61.36999893188477,63.84000015258789,63.88999938964844,63.209999084472656,0.02035676019766179
2020-10-27,60.719173431396484,61.86000061035156,62.90999984741211,63.2400016784668,61.97000122070313,0.020184408014643822
2020-10-28,60.53144836425781,58.77000045776367,61.0099983215332,61.2599983215332,58.9900016784668,0.026130643192602113
2020-10-29,58.621421813964844,58.79999923706055,58.88999938964844,61.18999862670898,60.790000915527344,0.03567328621323624
2020-10-30,59.0107536315918,59.79999923706055,60.349998474121094,61.29999923706055,61.27999877929688,0.0370307635918514
2020-11-02,58.808250427246094,61.09000015258789,62.18999862670898,62.77000045776367,62.13999938964844,0.053616816786730796
2020-11-03,59.55561447143555,62.08000183105469,62.93000030517578,63.849998474121094,62.709999084472656,0.050301142705934956
2020-11-04,60.65593338012695,61.95000076293945,62.68000030517578,63.64500045776367,62.29999923706055,0.026389500434465245
2020-11-05,61.94546890258789,62.59000015258789,63.31999969482422,63.95000076293945,62.63000106811523,0.01092978051817135
2020-11-06,62.93272399902344,62.66999816894531,62.97000122070313,63.81000137329102,63.58000183105469,0.01018052553303163
2020-11-09,63.0696907043457,63.43000030517578,67.0,67.29000091552734,63.5,0.006776524341012549
2020-11-10,63.500423431396484,63.31999969482422,63.38000106811523,65.91799926757811,65.73999786376953,0.034067150975788454
2020-11-11,63.28980255126953,64.73999786376953,65.86000061035156,66.33000183105469,66.12000274658203,0.04280399391633121
2020-11-12,63.77511978149414,65.41999816894531,66.18000030517578,66.45999908447266,65.98999786376953,0.03356384533983179
2020-11-13,63.063350677490234,65.23000335693361,66.23999786376953,66.73999786376953,65.56999969482422,0.038228595836517096
2020-11-16,64.00702667236328,65.68000030517578,66.22000122070311,67.63999938964844,67.38999938964844,0.05019992206447184
2020-11-17,64.66683197021484,66.30500030517578,67.16000366210939,67.94999694824219,67.19999694824219,0.03769590912300787
2020-11-18,64.97628784179688,66.51000213623047,67.30999755859375,67.98000335693361,66.62999725341797,0.024819292807884096
2020-11-19,63.67208480834961,65.59999847412111,66.62999725341797,67.19000244140625,66.16000366210939,0.03760457551462683
2020-11-20,63.91808319091797,66.0,66.08999633789061,66.73999786376953,66.31999969482422,0.036217076522298323
2020-11-23,63.60563659667969,66.55000305175781,66.63999938964844,67.52999877929689,67.25,0.05419127737279275
2020-11-24,63.88190841674805,66.87999725341797,68.04000091552734,68.04000091552734,67.40000152587889,0.05219722595673887
2020-11-25,64.65481567382812,66.41999816894531,67.44000244140625,67.47000122070311,67.37999725341797,0.040444964242731606
2020-11-27,64.49242401123047,66.90000152587889,67.55000305175781,68.20999908447266,67.33999633789061,0.042286493637034565
2020-11-30,64.69403076171875,66.37999725341797,66.83999633789061,67.69999694824219,66.94000244140625,0.03355201072263835
2020-12-01,64.3156509399414,66.76999664306639,67.41999816894531,68.16000366210939,66.83000183105469,0.03762308577320595
2020-12-02,64.91522979736328,65.55999755859375,66.91999816894531,67.26999664306639,65.69000244140625,0.011794376849567719
2020-12-03,64.81983184814453,65.36000061035156,65.76999664306639,66.84999847412111,65.48999786376953,0.010233104863113001
2020-12-04,64.89507293701172,64.87999725341797,65.65000152587889,66.04299926757811,65.16000366210939,0.004065848836833752
2020-12-07,65.38300323486328,64.01000213623047,64.98000335693361,65.30999755859375,64.84999847412111,0.008219040451556416
2020-12-08,65.32511138916016,64.68000030517578,64.77999877929689,66.15000152587889,66.11000061035156,0.011872473361745932
2020-12-09,65.28876495361328,65.19000244140625,65.75,66.20999908447266,65.48999786376953,0.0030727273892243684
2020-12-10,64.87342071533203,63.849998474121094,65.20999908447266,66.13999938964844,64.0,0.013647198677062988
2020-12-11,64.75914764404297,62.95000076293945,63.33000183105469,63.88000106811523,63.72999954223633,0.016148565968913658
2020-12-14,64.67678833007812,62.52000045776367,64.48999786376953,64.48999786376953,62.77999877929688,0.030213277917532422
2020-12-15,64.61498260498047,62.959999084472656,63.11000061035156,65.58999633789061,64.73000335693361,0.0017769310364297805
2020-12-16,65.2441177368164,64.33999633789061,64.93000030517578,65.33000183105469,65.23999786376953,6.314949696163213e-05
2020-12-17,65.26465606689453,65.5,65.75,66.31999969482422,65.79000091552734,0.007985177706675239
2020-12-18,65.7785415649414,64.54000091552734,65.98999786376953,66.19999694824219,65.61000061035156,0.0025688302548689864
2020-12-21,65.72171783447266,64.59999847412111,64.94000244140625,66.48000335693361,66.15000152587889,0.006474432071459358
2020-12-22,65.4240493774414,65.09500122070311,65.83999633789061,65.98999786376953,65.41000366210939,0.00021473344359638707
2020-12-23,65.30414581298828,65.30000305175781,65.48999786376953,66.23999786376953,65.62999725341797,0.004964977206558048
2020-12-24,65.39757537841797,65.29000091552734,65.44999694824219,65.98000335693361,65.79000091552734,0.005964820362493067
2020-12-28,65.60037994384766,65.54000091552734,66.18000030517578,66.59999847412111,66.0,0.006054849335641572
2020-12-29,65.9208984375,65.12999725341797,66.30999755859375,66.59999847412111,65.69000244140625,0.003514933589775752
2020-12-30,65.83385467529297,65.79000091552734,65.79000091552734,66.83000183105469,66.72000122070311,0.013281572679815421
2020-12-31,65.96566009521484,66.56999969482422,66.86000061035156,67.69000244140625,67.55000305175781,0.02345437283443232
2021-01-04,66.30847930908203,65.55000305175781,67.55000305175781,68.01999664306639,65.58999633789061,0.010954154769122327
2021-01-05,65.3250503540039,64.75900268554689,65.81999969482422,66.41999816894531,65.09999847412111,0.003457018205188777
2021-01-06,65.80928802490234,65.25,65.81999969482422,67.33000183105469,66.91000366210939,0.016450688640903065
2021-01-07,66.41974639892578,66.84500122070311,67.30000305175781,67.95500183105469,67.77999877929689,0.020068639788565344
2021-01-08,67.1722640991211,65.84999847412111,67.47000122070311,67.97000122070311,66.83000183105469,0.005121386483448564
2021-01-11,67.52181243896484,65.80999755859375,66.22000122070311,66.79000091552734,66.36000061035156,0.01750771274755005
2021-01-12,67.27466583251953,65.06999969482422,66.26999664306639,66.80000305175781,65.23000335693361,0.03134542956249268
2021-01-13,67.20160675048828,63.849998474121094,65.19000244140625,65.53500366210939,63.97000122070313,0.050517515524750034
2021-01-14,67.06657409667969,63.79999923706055,64.19999694824219,65.37000274658203,64.94000244140625,0.03274671350978452
2021-01-15,67.72147369384766,63.5099983215332,64.80999755859375,65.69000244140625,65.52999877929689,0.03344231581525875
2021-01-19,66.46770477294922,64.91999816894531,66.0,66.44999694824219,65.37000274658203,0.016792136763747995
2021-01-20,67.15274047851562,64.88999938964844,65.80000305175781,66.5,65.19000244140625,0.030107960785451932
2021-01-21,68.02913665771484,63.45000076293945,65.23999786376953,65.23999786376953,63.52000045776367,0.07098766006699622
2021-01-22,67.96379852294922,63.20000076293945,63.52000045776367,65.20999908447266,64.87999725341797,0.04753084772007741
2021-01-25,67.68098449707031,62.0,64.0,64.61000061035156,64.22000122070311,0.05389260682934178
2021-01-26,67.62468719482422,62.27000045776367,64.59999847412111,65.08999633789061,63.5099983215332,0.06478804884326254
2021-01-27,67.38744354248047,0.0,0.0,0.0,0.0,inf
